# Lecture 37 - 3D space frame (truss), converted for StructLab. SI units, Z up.
# Source: Vertices.csv / Edges.csv / Force-Data.csv / Restraint-Data.csv + notebook constants
# E = 200 GPa, A = 0.005 m2 for every member; bars (pin-pin, axial only).
#NODES
id,x,y,z
1,30,30,18.36679268
2,4.5,1.5,16.50143433
3,3,3,15.00143528
4,3,0,15.00143528
5,4.5,4.5,16.50143433
6,30,27,18.36679268
7,4.5,10.5,16.50143433
8,33,30,18.72397995
9,0,12,15.00143528
10,1.5,4.5,16.50143433
11,0,0,15.00143528
12,0,3,15.00143528
13,3,9,15.00143528
14,1.5,1.5,16.50143433
15,3,6,15.00143528
16,1.5,7.5,16.50143433
17,0,9,15.00143528
18,0,6,15.00143528
19,1.5,10.5,16.50143433
20,6,12,15.00143528
21,3,12,15.00143528
22,3,15,15.00143528
23,6,18,15.00143528
24,1.5,16.5,16.50143433
25,0,15,15.00143528
26,1.5,13.5,16.50143433
27,28.5,22.5,19.68169403
28,0,18,15.00143528
29,28.5,25.5,19.68169403
30,3,18,15.00143528
31,4.5,19.5,16.50143433
32,0,24,15.00143528
33,0,21,15.00143528
34,1.5,19.5,16.50143433
35,3,21,15.00143528
36,6,21,15.00143528
37,31.5,22.5,20.10785675
38,33,21,18.72397995
39,1.5,25.5,16.50143433
40,1.5,22.5,16.50143433
41,3,24,15.00143528
42,4.5,25.5,16.50143433
43,30,21,18.36679268
44,0,30,15.00143528
45,1.5,28.5,16.50143433
46,0,27,15.00143528
47,3,27,15.00143528
48,4.5,28.5,16.50143433
49,3,30,15.00143528
50,9,0,15.0663929
51,6,3,15.00143528
52,6,0,15.00143528
53,9,3,15.0663929
54,7.5,4.5,16.51169014
55,9,15,15.0663929
56,9,9,15.0663929
57,31.5,19.5,20.10785675
58,6,9,15.00143528
59,30,18,18.36679268
60,7.5,7.5,16.51169014
61,6,6,15.00143528
62,4.5,7.5,16.50143433
63,31.5,16.5,20.10785675
64,9,12,15.0663929
65,6,15,15.00143528
66,9,18,15.0663929
67,4.5,16.5,16.50143433
68,4.5,13.5,16.50143433
69,30,15,18.36679268
70,31.5,7.5,20.10785675
71,9,24,15.0663929
72,30,9,18.36679268
73,9,21,15.0663929
74,7.5,22.5,16.51169014
75,9,27,15.0663929
76,4.5,22.5,16.50143433
77,6,24,15.00143528
78,31.5,10.5,20.10785675
79,33,15,18.72397995
80,6,27,15.00143528
81,7.5,28.5,16.51169014
82,6,30,15.00143528
83,12,0,15.31658077
84,10.5,1.5,16.67745972
85,33,3,18.72397995
86,31.5,1.5,20.10785675
87,12,3,15.31658077
88,10.5,4.5,16.67745972
89,12,15,15.31658077
90,33,0,18.72397995
91,12,9,15.31658077
92,28.5,28.5,19.68169403
93,7.5,1.5,16.51169014
94,9,6,15.0663929
95,30,6,18.36679268
96,7.5,10.5,16.51169014
97,30,12,18.36679268
98,12,6,15.31658077
99,28.5,10.5,19.68169403
100,30,3,18.36679268
101,7.5,16.5,16.51169014
102,7.5,13.5,16.51169014
103,10.5,16.5,16.67745972
104,30,0,18.36679268
105,27,0,17.89334488
106,7.5,19.5,16.51169014
107,27,3,17.89334488
108,10.5,22.5,16.67745972
109,25.5,7.5,19.16111374
110,7.5,25.5,16.51169014
111,10.5,25.5,16.67745972
112,25.5,13.5,19.16111374
113,25.5,16.5,19.16111374
114,10.5,28.5,16.67745972
115,9,30,15.0663929
116,28.5,1.5,19.68169403
117,28.5,4.5,19.68169403
118,13.5,10.5,17.01204872
119,25.5,4.5,19.16111374
120,28.5,7.5,19.68169403
121,13.5,7.5,17.01204872
122,10.5,7.5,16.67745972
123,10.5,10.5,16.67745972
124,15,12,15.7136507
125,12,12,15.31658077
126,27,15,17.89334488
127,28.5,13.5,19.68169403
128,28.5,16.5,19.68169403
129,10.5,13.5,16.67745972
130,13.5,13.5,17.01204872
131,13.5,16.5,17.01204872
132,12,18,15.31658077
133,27,18,17.89334488
134,15,24,15.7136507
135,10.5,19.5,16.67745972
136,12,21,15.31658077
137,15,21,15.7136507
138,28.5,19.5,19.68169403
139,15,27,15.7136507
140,30,24,18.36679268
141,12,24,15.31658077
142,12,27,15.31658077
143,13.5,28.5,17.01204872
144,12,30,15.31658077
145,16.5,1.5,17.47158051
146,15,3,15.7136507
147,15,0,15.7136507
148,16.5,4.5,17.47158051
149,18,15,16.21373177
150,16.5,10.5,17.47158051
151,25.5,22.5,19.16111374
152,13.5,4.5,17.01204872
153,15,9,15.7136507
154,13.5,1.5,17.01204872
155,15,6,15.7136507
156,18,12,16.21373177
157,18,6,16.21373177
158,15,15,15.7136507
159,18,18,16.21373177
160,27,30,17.89334488
161,25.5,28.5,19.16111374
162,15,18,15.7136507
163,16.5,19.5,17.47158051
164,24,27,17.34744644
165,13.5,19.5,17.01204872
166,25.5,25.5,19.16111374
167,16.5,22.5,17.47158051
168,18,27,16.21373177
169,13.5,25.5,17.01204872
170,13.5,22.5,17.01204872
171,24,24,17.34744644
172,16.5,25.5,17.47158051
173,22.5,22.5,18.58998489
174,27,27,17.89334488
175,15,30,15.7136507
176,21,0,16.77295303
177,19.5,1.5,18.01218224
178,18,3,16.21373177
179,18,0,16.21373177
180,21,3,16.77295303
181,27,21,17.89334488
182,19.5,10.5,18.01218224
183,22.5,19.5,18.58998489
184,27,24,17.89334488
185,18,9,16.21373177
186,25.5,19.5,19.16111374
187,19.5,7.5,18.01218224
188,24,18,17.34744644
189,16.5,7.5,17.47158051
190,21,12,16.77295303
191,21,6,16.77295303
192,24,15,17.34744644
193,16.5,16.5,17.47158051
194,16.5,13.5,17.47158051
195,19.5,13.5,18.01218224
196,19.5,16.5,18.01218224
197,27,6,17.89334488
198,27,12,17.89334488
199,18,21,16.21373177
200,27,9,17.89334488
201,25.5,10.5,19.16111374
202,18,24,16.21373177
203,25.5,1.5,19.16111374
204,16.5,28.5,17.47158051
205,19.5,28.5,18.01218224
206,18,30,16.21373177
207,24,0,17.34744644
208,22.5,1.5,18.58998489
209,22.5,16.5,18.58998489
210,22.5,4.5,18.58998489
211,22.5,10.5,18.58998489
212,24,9,17.34744644
213,19.5,4.5,18.01218224
214,21,9,16.77295303
215,22.5,13.5,18.58998489
216,24,12,17.34744644
217,22.5,7.5,18.58998489
218,24,6,17.34744644
219,21,15,16.77295303
220,24,3,17.34744644
221,21,18,16.77295303
222,19.5,19.5,18.01218224
223,21,21,16.77295303
224,24,21,17.34744644
225,19.5,25.5,18.01218224
226,19.5,22.5,18.01218224
227,21,24,16.77295303
228,22.5,25.5,18.58998489
229,24,30,17.34744644
230,21,27,16.77295303
231,22.5,28.5,18.58998489
232,21,30,16.77295303
233,34.5,28.5,20.39572906
234,33,27,18.72397995
235,36,30,18.92142105
236,34.5,25.5,20.39572906
237,33,24,18.72397995
238,31.5,25.5,20.10785675
239,34.5,22.5,20.39572906
240,36,24,18.92142105
241,33,18,18.72397995
242,34.5,13.5,20.39572906
243,36,18,18.92142105
244,33,9,18.72397995
245,31.5,4.5,20.10785675
246,36,0,18.92142105
247,31.5,28.5,20.10785675
248,31.5,13.5,20.10785675
249,33,6,18.72397995
250,33,12,18.72397995
251,37.5,28.5,20.50143433
252,36,27,18.92142105
253,39,30,19.00143433
254,39,27,19.00143433
255,36,21,18.92142105
256,34.5,19.5,20.39572906
257,36,15,18.92142105
258,39,6,19.00143433
259,39,12,19.00143433
260,36,9,18.92142105
261,34.5,4.5,20.39572906
262,39,9,19.00143433
263,39,15,19.00143433
264,37.5,4.5,20.50143433
265,39,0,19.00143433
266,34.5,16.5,20.39572906
267,36,6,18.92142105
268,36,12,18.92142105
269,34.5,7.5,20.39572906
270,34.5,10.5,20.39572906
271,36,3,18.92142105
272,34.5,1.5,20.39572906
273,39,24,19.00143433
274,37.5,22.5,20.50143433
275,37.5,25.5,20.50143433
276,42,27,18.92142105
277,40.5,22.5,20.50143433
278,39,21,19.00143433
279,37.5,19.5,20.50143433
280,42,24,18.92142105
281,39,18,19.00143433
282,40.5,16.5,20.50143433
283,42,18,18.92142105
284,42,6,18.92142105
285,42,12,18.92142105
286,42,15,18.92142105
287,42,3,18.92142105
288,40.5,1.5,20.50143433
289,37.5,16.5,20.50143433
290,37.5,13.5,20.50143433
291,37.5,7.5,20.50143433
292,37.5,10.5,20.50143433
293,39,3,19.00143433
294,37.5,1.5,20.50143433
295,42,30,18.92142105
296,43.5,28.5,20.39572906
297,45,30,18.72397995
298,40.5,25.5,20.50143433
299,45,27,18.72397995
300,45,21,18.72397995
301,42,21,18.92142105
302,40.5,19.5,20.50143433
303,43.5,19.5,20.39572906
304,45,18,18.72397995
305,45,12,18.72397995
306,42,9,18.92142105
307,40.5,4.5,20.50143433
308,45,9,18.72397995
309,45,15,18.72397995
310,45,3,18.72397995
311,45,0,18.72397995
312,40.5,28.5,20.50143433
313,40.5,13.5,20.50143433
314,40.5,7.5,20.50143433
315,40.5,10.5,20.50143433
316,42,0,18.92142105
317,46.5,28.5,20.10785675
318,48,30,18.36679268
319,45,24,18.72397995
320,43.5,22.5,20.39572906
321,43.5,25.5,20.39572906
322,46.5,19.5,20.10785675
323,46.5,16.5,20.10785675
324,46.5,13.5,20.10785675
325,48,18,18.36679268
326,48,6,18.36679268
327,48,12,18.36679268
328,46.5,7.5,20.10785675
329,43.5,4.5,20.39572906
330,48,9,18.36679268
331,48,3,18.36679268
332,46.5,1.5,20.10785675
333,43.5,16.5,20.39572906
334,43.5,13.5,20.39572906
335,45,6,18.72397995
336,43.5,7.5,20.39572906
337,43.5,10.5,20.39572906
338,43.5,1.5,20.39572906
339,48,27,18.36679268
340,49.5,25.5,19.68169403
341,48,24,18.36679268
342,46.5,22.5,20.10785675
343,46.5,25.5,20.10785675
344,51,21,17.89334488
345,48,21,18.36679268
346,51,24,17.89334488
347,48,15,18.36679268
348,51,6,17.89334488
349,51,12,17.89334488
350,46.5,4.5,20.10785675
351,49.5,4.5,19.68169403
352,46.5,10.5,20.10785675
353,48,0,18.36679268
354,51,30,17.89334488
355,51,27,17.89334488
356,54,30,17.34744644
357,49.5,22.5,19.68169403
358,52.5,22.5,19.16111374
359,49.5,19.5,19.68169403
360,54,24,17.34744644
361,51,18,17.89334488
362,54,18,17.34744644
363,51,15,17.89334488
364,51,9,17.89334488
365,54,9,17.34744644
366,52.5,10.5,19.16111374
367,49.5,28.5,19.68169403
368,49.5,16.5,19.68169403
369,49.5,13.5,19.68169403
370,49.5,7.5,19.68169403
371,49.5,10.5,19.68169403
372,51,3,17.89334488
373,49.5,1.5,19.68169403
374,51,0,17.89334488
375,54,27,17.34744644
376,52.5,25.5,19.16111374
377,55.5,22.5,18.58998489
378,54,21,17.34744644
379,52.5,19.5,19.16111374
380,55.5,19.5,18.58998489
381,54,15,17.34744644
382,57,6,16.77295303
383,55.5,7.5,18.58998489
384,52.5,4.5,19.16111374
385,55.5,10.5,18.58998489
386,57,15,16.77295303
387,55.5,1.5,18.58998489
388,57,0,16.77295303
389,52.5,28.5,19.16111374
390,52.5,16.5,19.16111374
391,52.5,13.5,19.16111374
392,54,6,17.34744644
393,54,12,17.34744644
394,52.5,7.5,19.16111374
395,54,3,17.34744644
396,52.5,1.5,19.16111374
397,54,0,17.34744644
398,57,30,16.77295303
399,57,27,16.77295303
400,58.5,25.5,18.01218224
401,57,24,16.77295303
402,55.5,25.5,18.58998489
403,58.5,22.5,18.01218224
404,57,21,16.77295303
405,60,24,16.21373177
406,57,18,16.77295303
407,58.5,16.5,18.01218224
408,60,18,16.21373177
409,60,6,16.21373177
410,60,12,16.21373177
411,57,9,16.77295303
412,55.5,4.5,18.58998489
413,58.5,10.5,18.01218224
414,58.5,4.5,18.01218224
415,60,0,16.21373177
416,55.5,28.5,18.58998489
417,55.5,16.5,18.58998489
418,55.5,13.5,18.58998489
419,57,12,16.77295303
420,57,3,16.77295303
421,60,30,16.21373177
422,61.5,28.5,17.47158051
423,60,27,16.21373177
424,63,30,15.7136507
425,61.5,25.5,17.47158051
426,63,27,15.7136507
427,61.5,22.5,17.47158051
428,63,21,15.7136507
429,60,21,16.21373177
430,58.5,19.5,18.01218224
431,63,24,15.7136507
432,61.5,19.5,17.47158051
433,61.5,16.5,17.47158051
434,60,15,16.21373177
435,63,6,15.7136507
436,60,9,16.21373177
437,63,9,15.7136507
438,61.5,1.5,17.47158051
439,63,0,15.7136507
440,58.5,28.5,18.01218224
441,58.5,13.5,18.01218224
442,58.5,7.5,18.01218224
443,60,3,16.21373177
444,58.5,1.5,18.01218224
445,64.5,28.5,17.01204872
446,66,30,15.31658077
447,66,21,15.31658077
448,66,24,15.31658077
449,64.5,19.5,17.01204872
450,63,18,15.7136507
451,64.5,16.5,17.01204872
452,64.5,13.5,17.01204872
453,66,18,15.31658077
454,63,15,15.7136507
455,66,6,15.31658077
456,66,12,15.31658077
457,64.5,7.5,17.01204872
458,61.5,4.5,17.47158051
459,64.5,10.5,17.01204872
460,66,3,15.31658077
461,61.5,13.5,17.47158051
462,63,12,15.7136507
463,61.5,7.5,17.47158051
464,61.5,10.5,17.47158051
465,63,3,15.7136507
466,66,27,15.31658077
467,69,30,15.0663929
468,67.5,25.5,16.67745972
469,64.5,22.5,17.01204872
470,64.5,25.5,17.01204872
471,69,27,15.0663929
472,69,24,15.0663929
473,67.5,19.5,16.67745972
474,67.5,16.5,16.67745972
475,67.5,13.5,16.67745972
476,69,18,15.0663929
477,66,15,15.31658077
478,69,6,15.0663929
479,66,9,15.31658077
480,64.5,4.5,17.01204872
481,69,9,15.0663929
482,67.5,10.5,16.67745972
483,69,15,15.0663929
484,69,0,15.0663929
485,64.5,1.5,17.01204872
486,66,0,15.31658077
487,72,30,15.00143528
488,67.5,22.5,16.67745972
489,70.5,22.5,16.51169014
490,72,21,15.00143528
491,69,21,15.0663929
492,72,6,15.00143528
493,72,12,15.00143528
494,70.5,7.5,16.51169014
495,67.5,4.5,16.67745972
496,70.5,10.5,16.51169014
497,72,15,15.00143528
498,70.5,1.5,16.51169014
499,72,0,15.00143528
500,67.5,28.5,16.67745972
501,69,12,15.0663929
502,67.5,7.5,16.67745972
503,69,3,15.0663929
504,67.5,1.5,16.67745972
505,72,27,15.00143528
506,75,30,15.00143528
507,73.5,25.5,16.50143433
508,72,24,15.00143528
509,70.5,25.5,16.51169014
510,75,27,15.00143528
511,73.5,22.5,16.50143433
512,70.5,19.5,16.51169014
513,75,24,15.00143528
514,73.5,19.5,16.50143433
515,72,18,15.00143528
516,73.5,16.5,16.50143433
517,73.5,13.5,16.50143433
518,75,18,15.00143528
519,75,12,15.00143528
520,73.5,7.5,16.50143433
521,72,9,15.00143528
522,70.5,4.5,16.51169014
523,73.5,10.5,16.50143433
524,73.5,4.5,16.50143433
525,70.5,28.5,16.51169014
526,70.5,16.5,16.51169014
527,70.5,13.5,16.51169014
528,72,3,15.00143528
529,76.5,28.5,16.50143433
530,78,30,15.00143528
531,76.5,25.5,16.50143433
532,78,27,15.00143528
533,76.5,22.5,16.50143433
534,78,21,15.00143528
535,75,21,15.00143528
536,78,24,15.00143528
537,76.5,19.5,16.50143433
538,76.5,16.5,16.50143433
539,76.5,13.5,16.50143433
540,78,18,15.00143528
541,75,15,15.00143528
542,78,6,15.00143528
543,78,12,15.00143528
544,76.5,7.5,16.50143433
545,75,9,15.00143528
546,78,9,15.00143528
547,76.5,10.5,16.50143433
548,78,15,15.00143528
549,76.5,4.5,16.50143433
550,78,3,15.00143528
551,76.5,1.5,16.50143433
552,78,0,15.00143528
553,73.5,28.5,16.50143433
554,75,6,15.00143528
555,75,3,15.00143528
556,73.5,1.5,16.50143433
557,75,0,15.00143528
558,3,3,0.001435279846
559,3,27,0.001435279846
560,75,3,0.001435279846
561,75,27,0.001435279846
#MEMBERS
id,node_i,node_j,etype,E,A
1,2,3,bar,2e+11,0.005
2,2,4,bar,2e+11,0.005
3,4,3,bar,2e+11,0.005
4,5,3,bar,2e+11,0.005
5,7,20,bar,2e+11,0.005
6,20,21,bar,2e+11,0.005
7,7,21,bar,2e+11,0.005
8,19,17,bar,2e+11,0.005
9,15,16,bar,2e+11,0.005
10,10,12,bar,2e+11,0.005
11,11,12,bar,2e+11,0.005
12,14,11,bar,2e+11,0.005
13,14,12,bar,2e+11,0.005
14,259,263,bar,2e+11,0.005
15,7,19,bar,2e+11,0.005
16,16,18,bar,2e+11,0.005
17,18,15,bar,2e+11,0.005
18,16,17,bar,2e+11,0.005
19,19,16,bar,2e+11,0.005
20,251,253,bar,2e+11,0.005
21,18,17,bar,2e+11,0.005
22,13,21,bar,2e+11,0.005
23,7,13,bar,2e+11,0.005
24,2,14,bar,2e+11,0.005
25,2,5,bar,2e+11,0.005
26,10,14,bar,2e+11,0.005
27,5,10,bar,2e+11,0.005
28,10,16,bar,2e+11,0.005
29,5,15,bar,2e+11,0.005
30,251,252,bar,2e+11,0.005
31,3,15,bar,2e+11,0.005
32,16,13,bar,2e+11,0.005
33,13,17,bar,2e+11,0.005
34,15,13,bar,2e+11,0.005
35,12,18,bar,2e+11,0.005
36,3,12,bar,2e+11,0.005
37,14,3,bar,2e+11,0.005
38,3,10,bar,2e+11,0.005
39,10,18,bar,2e+11,0.005
40,10,15,bar,2e+11,0.005
41,11,4,bar,2e+11,0.005
42,4,14,bar,2e+11,0.005
43,13,19,bar,2e+11,0.005
44,19,21,bar,2e+11,0.005
45,24,26,bar,2e+11,0.005
46,26,25,bar,2e+11,0.005
47,24,25,bar,2e+11,0.005
48,30,28,bar,2e+11,0.005
49,31,30,bar,2e+11,0.005
50,35,33,bar,2e+11,0.005
51,34,35,bar,2e+11,0.005
52,33,32,bar,2e+11,0.005
53,34,33,bar,2e+11,0.005
54,36,35,bar,2e+11,0.005
55,41,39,bar,2e+11,0.005
56,40,41,bar,2e+11,0.005
57,42,41,bar,2e+11,0.005
58,39,40,bar,2e+11,0.005
59,42,39,bar,2e+11,0.005
60,49,44,bar,2e+11,0.005
61,47,45,bar,2e+11,0.005
62,45,49,bar,2e+11,0.005
63,47,46,bar,2e+11,0.005
64,46,44,bar,2e+11,0.005
65,48,47,bar,2e+11,0.005
66,47,49,bar,2e+11,0.005
67,48,45,bar,2e+11,0.005
68,45,44,bar,2e+11,0.005
69,45,46,bar,2e+11,0.005
70,48,49,bar,2e+11,0.005
71,22,24,bar,2e+11,0.005
72,24,30,bar,2e+11,0.005
73,26,22,bar,2e+11,0.005
74,21,26,bar,2e+11,0.005
75,22,25,bar,2e+11,0.005
76,21,9,bar,2e+11,0.005
77,19,9,bar,2e+11,0.005
78,9,25,bar,2e+11,0.005
79,256,255,bar,2e+11,0.005
80,21,22,bar,2e+11,0.005
81,26,19,bar,2e+11,0.005
82,26,9,bar,2e+11,0.005
83,17,9,bar,2e+11,0.005
84,264,258,bar,2e+11,0.005
85,25,28,bar,2e+11,0.005
86,22,30,bar,2e+11,0.005
87,264,261,bar,2e+11,0.005
88,24,28,bar,2e+11,0.005
89,23,30,bar,2e+11,0.005
90,263,257,bar,2e+11,0.005
91,30,34,bar,2e+11,0.005
92,28,33,bar,2e+11,0.005
93,30,35,bar,2e+11,0.005
94,34,24,bar,2e+11,0.005
95,31,34,bar,2e+11,0.005
96,34,28,bar,2e+11,0.005
97,31,35,bar,2e+11,0.005
98,23,31,bar,2e+11,0.005
99,31,36,bar,2e+11,0.005
100,23,36,bar,2e+11,0.005
101,41,32,bar,2e+11,0.005
102,35,40,bar,2e+11,0.005
103,35,41,bar,2e+11,0.005
104,40,34,bar,2e+11,0.005
105,262,260,bar,2e+11,0.005
106,40,32,bar,2e+11,0.005
107,40,33,bar,2e+11,0.005
108,258,262,bar,2e+11,0.005
109,39,47,bar,2e+11,0.005
110,32,46,bar,2e+11,0.005
111,41,47,bar,2e+11,0.005
112,39,46,bar,2e+11,0.005
113,39,32,bar,2e+11,0.005
114,42,47,bar,2e+11,0.005
115,262,259,bar,2e+11,0.005
116,42,48,bar,2e+11,0.005
117,45,39,bar,2e+11,0.005
118,52,50,bar,2e+11,0.005
119,52,51,bar,2e+11,0.005
120,53,54,bar,2e+11,0.005
121,53,51,bar,2e+11,0.005
122,50,53,bar,2e+11,0.005
123,54,51,bar,2e+11,0.005
124,56,64,bar,2e+11,0.005
125,271,267,bar,2e+11,0.005
126,269,270,bar,2e+11,0.005
127,267,269,bar,2e+11,0.005
128,60,62,bar,2e+11,0.005
129,61,62,bar,2e+11,0.005
130,270,268,bar,2e+11,0.005
131,60,58,bar,2e+11,0.005
132,56,58,bar,2e+11,0.005
133,60,56,bar,2e+11,0.005
134,272,271,bar,2e+11,0.005
135,55,65,bar,2e+11,0.005
136,54,60,bar,2e+11,0.005
137,250,248,bar,2e+11,0.005
138,54,61,bar,2e+11,0.005
139,51,61,bar,2e+11,0.005
140,62,58,bar,2e+11,0.005
141,61,58,bar,2e+11,0.005
142,60,61,bar,2e+11,0.005
143,67,68,bar,2e+11,0.005
144,73,74,bar,2e+11,0.005
145,74,71,bar,2e+11,0.005
146,73,71,bar,2e+11,0.005
147,76,77,bar,2e+11,0.005
148,81,80,bar,2e+11,0.005
149,80,82,bar,2e+11,0.005
150,81,82,bar,2e+11,0.005
151,65,67,bar,2e+11,0.005
152,68,65,bar,2e+11,0.005
153,239,240,bar,2e+11,0.005
154,237,238,bar,2e+11,0.005
155,236,237,bar,2e+11,0.005
156,64,55,bar,2e+11,0.005
157,236,238,bar,2e+11,0.005
158,233,234,bar,2e+11,0.005
159,233,235,bar,2e+11,0.005
160,55,66,bar,2e+11,0.005
161,66,73,bar,2e+11,0.005
162,243,241,bar,2e+11,0.005
163,74,76,bar,2e+11,0.005
164,74,77,bar,2e+11,0.005
165,71,77,bar,2e+11,0.005
166,77,80,bar,2e+11,0.005
167,75,80,bar,2e+11,0.005
168,71,75,bar,2e+11,0.005
169,75,81,bar,2e+11,0.005
170,83,84,bar,2e+11,0.005
171,87,88,bar,2e+11,0.005
172,84,87,bar,2e+11,0.005
173,83,87,bar,2e+11,0.005
174,239,237,bar,2e+11,0.005
175,240,237,bar,2e+11,0.005
176,238,234,bar,2e+11,0.005
177,237,234,bar,2e+11,0.005
178,239,236,bar,2e+11,0.005
179,236,234,bar,2e+11,0.005
180,240,236,bar,2e+11,0.005
181,98,91,bar,2e+11,0.005
182,236,233,bar,2e+11,0.005
183,244,250,bar,2e+11,0.005
184,249,244,bar,2e+11,0.005
185,84,93,bar,2e+11,0.005
186,84,88,bar,2e+11,0.005
187,245,249,bar,2e+11,0.005
188,88,98,bar,2e+11,0.005
189,88,94,bar,2e+11,0.005
190,98,94,bar,2e+11,0.005
191,87,98,bar,2e+11,0.005
192,238,247,bar,2e+11,0.005
193,234,247,bar,2e+11,0.005
194,101,102,bar,2e+11,0.005
195,242,248,bar,2e+11,0.005
196,233,247,bar,2e+11,0.005
197,242,250,bar,2e+11,0.005
198,111,110,bar,2e+11,0.005
199,70,95,bar,2e+11,0.005
200,114,115,bar,2e+11,0.005
201,78,99,bar,2e+11,0.005
202,78,97,bar,2e+11,0.005
203,85,100,bar,2e+11,0.005
204,104,90,bar,2e+11,0.005
205,102,96,bar,2e+11,0.005
206,86,104,bar,2e+11,0.005
207,86,100,bar,2e+11,0.005
208,6,92,bar,2e+11,0.005
209,29,92,bar,2e+11,0.005
210,97,69,bar,2e+11,0.005
211,103,101,bar,2e+11,0.005
212,89,103,bar,2e+11,0.005
213,92,1,bar,2e+11,0.005
214,106,101,bar,2e+11,0.005
215,95,72,bar,2e+11,0.005
216,72,99,bar,2e+11,0.005
217,72,97,bar,2e+11,0.005
218,108,111,bar,2e+11,0.005
219,29,6,bar,2e+11,0.005
220,111,114,bar,2e+11,0.005
221,37,27,bar,2e+11,0.005
222,57,37,bar,2e+11,0.005
223,43,27,bar,2e+11,0.005
224,57,38,bar,2e+11,0.005
225,57,43,bar,2e+11,0.005
226,59,43,bar,2e+11,0.005
227,118,124,bar,2e+11,0.005
228,124,125,bar,2e+11,0.005
229,118,125,bar,2e+11,0.005
230,121,122,bar,2e+11,0.005
231,79,63,bar,2e+11,0.005
232,69,59,bar,2e+11,0.005
233,63,69,bar,2e+11,0.005
234,118,123,bar,2e+11,0.005
235,123,122,bar,2e+11,0.005
236,121,118,bar,2e+11,0.005
237,8,1,bar,2e+11,0.005
238,6,1,bar,2e+11,0.005
239,29,27,bar,2e+11,0.005
240,38,37,bar,2e+11,0.005
241,38,43,bar,2e+11,0.005
242,37,43,bar,2e+11,0.005
243,63,59,bar,2e+11,0.005
244,63,57,bar,2e+11,0.005
245,123,125,bar,2e+11,0.005
246,57,59,bar,2e+11,0.005
247,130,129,bar,2e+11,0.005
248,131,132,bar,2e+11,0.005
249,135,136,bar,2e+11,0.005
250,137,136,bar,2e+11,0.005
251,137,134,bar,2e+11,0.005
252,78,72,bar,2e+11,0.005
253,79,69,bar,2e+11,0.005
254,70,78,bar,2e+11,0.005
255,70,72,bar,2e+11,0.005
256,143,142,bar,2e+11,0.005
257,142,144,bar,2e+11,0.005
258,143,144,bar,2e+11,0.005
259,90,85,bar,2e+11,0.005
260,86,85,bar,2e+11,0.005
261,125,129,bar,2e+11,0.005
262,130,125,bar,2e+11,0.005
263,90,86,bar,2e+11,0.005
264,118,130,bar,2e+11,0.005
265,129,123,bar,2e+11,0.005
266,124,130,bar,2e+11,0.005
267,100,95,bar,2e+11,0.005
268,130,131,bar,2e+11,0.005
269,99,97,bar,2e+11,0.005
270,104,100,bar,2e+11,0.005
271,132,135,bar,2e+11,0.005
272,132,136,bar,2e+11,0.005
273,105,107,bar,2e+11,0.005
274,136,141,bar,2e+11,0.005
275,112,113,bar,2e+11,0.005
276,134,141,bar,2e+11,0.005
277,141,142,bar,2e+11,0.005
278,139,142,bar,2e+11,0.005
279,134,139,bar,2e+11,0.005
280,139,143,bar,2e+11,0.005
281,145,146,bar,2e+11,0.005
282,145,147,bar,2e+11,0.005
283,147,146,bar,2e+11,0.005
284,148,146,bar,2e+11,0.005
285,150,156,bar,2e+11,0.005
286,116,117,bar,2e+11,0.005
287,117,119,bar,2e+11,0.005
288,117,120,bar,2e+11,0.005
289,138,133,bar,2e+11,0.005
290,128,138,bar,2e+11,0.005
291,128,133,bar,2e+11,0.005
292,149,158,bar,2e+11,0.005
293,150,153,bar,2e+11,0.005
294,145,154,bar,2e+11,0.005
295,145,148,bar,2e+11,0.005
296,152,154,bar,2e+11,0.005
297,148,152,bar,2e+11,0.005
298,148,157,bar,2e+11,0.005
299,148,155,bar,2e+11,0.005
300,157,155,bar,2e+11,0.005
301,146,155,bar,2e+11,0.005
302,155,153,bar,2e+11,0.005
303,154,146,bar,2e+11,0.005
304,146,152,bar,2e+11,0.005
305,152,155,bar,2e+11,0.005
306,147,154,bar,2e+11,0.005
307,163,162,bar,2e+11,0.005
308,127,126,bar,2e+11,0.005
309,128,126,bar,2e+11,0.005
310,126,133,bar,2e+11,0.005
311,127,128,bar,2e+11,0.005
312,169,170,bar,2e+11,0.005
313,172,169,bar,2e+11,0.005
314,172,168,bar,2e+11,0.005
315,156,149,bar,2e+11,0.005
316,158,162,bar,2e+11,0.005
317,159,162,bar,2e+11,0.005
318,149,159,bar,2e+11,0.005
319,162,165,bar,2e+11,0.005
320,163,165,bar,2e+11,0.005
321,159,163,bar,2e+11,0.005
322,107,119,bar,2e+11,0.005
323,163,167,bar,2e+11,0.005
324,170,165,bar,2e+11,0.005
325,167,170,bar,2e+11,0.005
326,119,109,bar,2e+11,0.005
327,167,172,bar,2e+11,0.005
328,112,126,bar,2e+11,0.005
329,126,113,bar,2e+11,0.005
330,113,133,bar,2e+11,0.005
331,177,178,bar,2e+11,0.005
332,176,177,bar,2e+11,0.005
333,177,179,bar,2e+11,0.005
334,179,176,bar,2e+11,0.005
335,179,178,bar,2e+11,0.005
336,116,107,bar,2e+11,0.005
337,177,180,bar,2e+11,0.005
338,180,178,bar,2e+11,0.005
339,176,180,bar,2e+11,0.005
340,116,105,bar,2e+11,0.005
341,182,190,bar,2e+11,0.005
342,117,107,bar,2e+11,0.005
343,187,189,bar,2e+11,0.005
344,191,187,bar,2e+11,0.005
345,187,185,bar,2e+11,0.005
346,120,109,bar,2e+11,0.005
347,187,182,bar,2e+11,0.005
348,127,112,bar,2e+11,0.005
349,182,185,bar,2e+11,0.005
350,128,113,bar,2e+11,0.005
351,180,191,bar,2e+11,0.005
352,189,185,bar,2e+11,0.005
353,201,216,bar,2e+11,0.005
354,198,216,bar,2e+11,0.005
355,193,194,bar,2e+11,0.005
356,195,194,bar,2e+11,0.005
357,203,220,bar,2e+11,0.005
358,209,188,bar,2e+11,0.005
359,192,209,bar,2e+11,0.005
360,216,192,bar,2e+11,0.005
361,215,192,bar,2e+11,0.005
362,209,183,bar,2e+11,0.005
363,204,206,bar,2e+11,0.005
364,205,204,bar,2e+11,0.005
365,205,206,bar,2e+11,0.005
366,174,161,bar,2e+11,0.005
367,166,161,bar,2e+11,0.005
368,184,174,bar,2e+11,0.005
369,174,164,bar,2e+11,0.005
370,184,166,bar,2e+11,0.005
371,166,164,bar,2e+11,0.005
372,182,195,bar,2e+11,0.005
373,171,164,bar,2e+11,0.005
374,190,195,bar,2e+11,0.005
375,184,171,bar,2e+11,0.005
376,173,183,bar,2e+11,0.005
377,195,196,bar,2e+11,0.005
378,196,193,bar,2e+11,0.005
379,186,181,bar,2e+11,0.005
380,186,183,bar,2e+11,0.005
381,188,183,bar,2e+11,0.005
382,199,202,bar,2e+11,0.005
383,192,188,bar,2e+11,0.005
384,161,164,bar,2e+11,0.005
385,166,174,bar,2e+11,0.005
386,207,208,bar,2e+11,0.005
387,166,171,bar,2e+11,0.005
388,173,171,bar,2e+11,0.005
389,181,184,bar,2e+11,0.005
390,212,211,bar,2e+11,0.005
391,218,212,bar,2e+11,0.005
392,212,214,bar,2e+11,0.005
393,186,188,bar,2e+11,0.005
394,211,214,bar,2e+11,0.005
395,208,210,bar,2e+11,0.005
396,210,213,bar,2e+11,0.005
397,210,218,bar,2e+11,0.005
398,197,200,bar,2e+11,0.005
399,200,201,bar,2e+11,0.005
400,201,198,bar,2e+11,0.005
401,200,198,bar,2e+11,0.005
402,222,223,bar,2e+11,0.005
403,224,223,bar,2e+11,0.005
404,227,225,bar,2e+11,0.005
405,226,227,bar,2e+11,0.005
406,228,227,bar,2e+11,0.005
407,225,226,bar,2e+11,0.005
408,228,225,bar,2e+11,0.005
409,231,230,bar,2e+11,0.005
410,230,232,bar,2e+11,0.005
411,231,232,bar,2e+11,0.005
412,229,232,bar,2e+11,0.005
413,231,229,bar,2e+11,0.005
414,215,209,bar,2e+11,0.005
415,216,215,bar,2e+11,0.005
416,219,221,bar,2e+11,0.005
417,221,222,bar,2e+11,0.005
418,221,223,bar,2e+11,0.005
419,223,226,bar,2e+11,0.005
420,223,227,bar,2e+11,0.005
421,226,222,bar,2e+11,0.005
422,225,230,bar,2e+11,0.005
423,227,230,bar,2e+11,0.005
424,228,230,bar,2e+11,0.005
425,228,231,bar,2e+11,0.005
426,52,2,bar,2e+11,0.005
427,4,52,bar,2e+11,0.005
428,51,5,bar,2e+11,0.005
429,2,51,bar,2e+11,0.005
430,51,3,bar,2e+11,0.005
431,58,20,bar,2e+11,0.005
432,58,7,bar,2e+11,0.005
433,62,16,bar,2e+11,0.005
434,62,13,bar,2e+11,0.005
435,58,13,bar,2e+11,0.005
436,62,7,bar,2e+11,0.005
437,65,22,bar,2e+11,0.005
438,5,62,bar,2e+11,0.005
439,5,61,bar,2e+11,0.005
440,61,15,bar,2e+11,0.005
441,62,15,bar,2e+11,0.005
442,68,26,bar,2e+11,0.005
443,67,31,bar,2e+11,0.005
444,67,30,bar,2e+11,0.005
445,76,35,bar,2e+11,0.005
446,36,76,bar,2e+11,0.005
447,36,77,bar,2e+11,0.005
448,42,80,bar,2e+11,0.005
449,82,49,bar,2e+11,0.005
450,48,82,bar,2e+11,0.005
451,68,21,bar,2e+11,0.005
452,7,68,bar,2e+11,0.005
453,68,22,bar,2e+11,0.005
454,20,68,bar,2e+11,0.005
455,20,65,bar,2e+11,0.005
456,67,22,bar,2e+11,0.005
457,67,24,bar,2e+11,0.005
458,67,23,bar,2e+11,0.005
459,65,23,bar,2e+11,0.005
460,31,76,bar,2e+11,0.005
461,76,40,bar,2e+11,0.005
462,76,41,bar,2e+11,0.005
463,77,41,bar,2e+11,0.005
464,76,42,bar,2e+11,0.005
465,77,42,bar,2e+11,0.005
466,80,47,bar,2e+11,0.005
467,80,48,bar,2e+11,0.005
468,93,51,bar,2e+11,0.005
469,50,93,bar,2e+11,0.005
470,93,52,bar,2e+11,0.005
471,93,53,bar,2e+11,0.005
472,96,64,bar,2e+11,0.005
473,64,20,bar,2e+11,0.005
474,56,96,bar,2e+11,0.005
475,96,20,bar,2e+11,0.005
476,94,60,bar,2e+11,0.005
477,94,56,bar,2e+11,0.005
478,96,7,bar,2e+11,0.005
479,60,96,bar,2e+11,0.005
480,96,58,bar,2e+11,0.005
481,93,2,bar,2e+11,0.005
482,93,54,bar,2e+11,0.005
483,54,5,bar,2e+11,0.005
484,54,94,bar,2e+11,0.005
485,94,61,bar,2e+11,0.005
486,53,94,bar,2e+11,0.005
487,102,68,bar,2e+11,0.005
488,106,23,bar,2e+11,0.005
489,101,23,bar,2e+11,0.005
490,74,36,bar,2e+11,0.005
491,73,36,bar,2e+11,0.005
492,110,77,bar,2e+11,0.005
493,110,42,bar,2e+11,0.005
494,110,75,bar,2e+11,0.005
495,81,48,bar,2e+11,0.005
496,115,82,bar,2e+11,0.005
497,81,115,bar,2e+11,0.005
498,102,20,bar,2e+11,0.005
499,102,65,bar,2e+11,0.005
500,64,102,bar,2e+11,0.005
501,102,55,bar,2e+11,0.005
502,101,65,bar,2e+11,0.005
503,101,67,bar,2e+11,0.005
504,55,101,bar,2e+11,0.005
505,66,23,bar,2e+11,0.005
506,101,66,bar,2e+11,0.005
507,106,31,bar,2e+11,0.005
508,106,36,bar,2e+11,0.005
509,66,106,bar,2e+11,0.005
510,106,73,bar,2e+11,0.005
511,106,74,bar,2e+11,0.005
512,74,110,bar,2e+11,0.005
513,110,80,bar,2e+11,0.005
514,71,110,bar,2e+11,0.005
515,110,81,bar,2e+11,0.005
516,75,115,bar,2e+11,0.005
517,84,53,bar,2e+11,0.005
518,84,50,bar,2e+11,0.005
519,50,83,bar,2e+11,0.005
520,87,53,bar,2e+11,0.005
521,88,53,bar,2e+11,0.005
522,91,125,bar,2e+11,0.005
523,125,64,bar,2e+11,0.005
524,91,123,bar,2e+11,0.005
525,123,64,bar,2e+11,0.005
526,122,60,bar,2e+11,0.005
527,98,122,bar,2e+11,0.005
528,122,56,bar,2e+11,0.005
529,91,56,bar,2e+11,0.005
530,122,91,bar,2e+11,0.005
531,123,96,bar,2e+11,0.005
532,89,55,bar,2e+11,0.005
533,123,56,bar,2e+11,0.005
534,88,54,bar,2e+11,0.005
535,88,122,bar,2e+11,0.005
536,122,94,bar,2e+11,0.005
537,129,102,bar,2e+11,0.005
538,135,66,bar,2e+11,0.005
539,103,135,bar,2e+11,0.005
540,103,66,bar,2e+11,0.005
541,108,73,bar,2e+11,0.005
542,136,73,bar,2e+11,0.005
543,136,108,bar,2e+11,0.005
544,108,141,bar,2e+11,0.005
545,111,71,bar,2e+11,0.005
546,111,142,bar,2e+11,0.005
547,114,75,bar,2e+11,0.005
548,114,81,bar,2e+11,0.005
549,144,115,bar,2e+11,0.005
550,114,144,bar,2e+11,0.005
551,129,64,bar,2e+11,0.005
552,129,55,bar,2e+11,0.005
553,129,89,bar,2e+11,0.005
554,125,89,bar,2e+11,0.005
555,103,55,bar,2e+11,0.005
556,129,103,bar,2e+11,0.005
557,132,66,bar,2e+11,0.005
558,103,132,bar,2e+11,0.005
559,89,132,bar,2e+11,0.005
560,135,106,bar,2e+11,0.005
561,135,73,bar,2e+11,0.005
562,135,108,bar,2e+11,0.005
563,108,74,bar,2e+11,0.005
564,108,71,bar,2e+11,0.005
565,141,71,bar,2e+11,0.005
566,111,75,bar,2e+11,0.005
567,141,111,bar,2e+11,0.005
568,142,75,bar,2e+11,0.005
569,142,114,bar,2e+11,0.005
570,154,87,bar,2e+11,0.005
571,154,83,bar,2e+11,0.005
572,83,147,bar,2e+11,0.005
573,146,87,bar,2e+11,0.005
574,152,87,bar,2e+11,0.005
575,153,124,bar,2e+11,0.005
576,153,118,bar,2e+11,0.005
577,155,121,bar,2e+11,0.005
578,121,91,bar,2e+11,0.005
579,153,91,bar,2e+11,0.005
580,121,153,bar,2e+11,0.005
581,158,89,bar,2e+11,0.005
582,118,91,bar,2e+11,0.005
583,154,84,bar,2e+11,0.005
584,152,88,bar,2e+11,0.005
585,152,121,bar,2e+11,0.005
586,152,98,bar,2e+11,0.005
587,155,98,bar,2e+11,0.005
588,121,98,bar,2e+11,0.005
589,165,132,bar,2e+11,0.005
590,131,165,bar,2e+11,0.005
591,170,136,bar,2e+11,0.005
592,137,170,bar,2e+11,0.005
593,170,134,bar,2e+11,0.005
594,169,141,bar,2e+11,0.005
595,169,111,bar,2e+11,0.005
596,169,139,bar,2e+11,0.005
597,143,114,bar,2e+11,0.005
598,175,144,bar,2e+11,0.005
599,143,175,bar,2e+11,0.005
600,130,89,bar,2e+11,0.005
601,130,158,bar,2e+11,0.005
602,124,158,bar,2e+11,0.005
603,131,89,bar,2e+11,0.005
604,131,103,bar,2e+11,0.005
605,158,131,bar,2e+11,0.005
606,162,132,bar,2e+11,0.005
607,131,162,bar,2e+11,0.005
608,165,135,bar,2e+11,0.005
609,165,136,bar,2e+11,0.005
610,165,137,bar,2e+11,0.005
611,162,137,bar,2e+11,0.005
612,170,108,bar,2e+11,0.005
613,170,141,bar,2e+11,0.005
614,169,142,bar,2e+11,0.005
615,134,169,bar,2e+11,0.005
616,169,143,bar,2e+11,0.005
617,139,175,bar,2e+11,0.005
618,179,145,bar,2e+11,0.005
619,147,179,bar,2e+11,0.005
620,178,148,bar,2e+11,0.005
621,145,178,bar,2e+11,0.005
622,178,146,bar,2e+11,0.005
623,185,156,bar,2e+11,0.005
624,156,124,bar,2e+11,0.005
625,185,150,bar,2e+11,0.005
626,150,124,bar,2e+11,0.005
627,189,121,bar,2e+11,0.005
628,157,189,bar,2e+11,0.005
629,189,153,bar,2e+11,0.005
630,157,185,bar,2e+11,0.005
631,185,153,bar,2e+11,0.005
632,150,118,bar,2e+11,0.005
633,189,150,bar,2e+11,0.005
634,148,189,bar,2e+11,0.005
635,178,157,bar,2e+11,0.005
636,189,155,bar,2e+11,0.005
637,194,130,bar,2e+11,0.005
638,193,163,bar,2e+11,0.005
639,193,162,bar,2e+11,0.005
640,167,137,bar,2e+11,0.005
641,199,137,bar,2e+11,0.005
642,199,167,bar,2e+11,0.005
643,167,202,bar,2e+11,0.005
644,172,134,bar,2e+11,0.005
645,204,139,bar,2e+11,0.005
646,204,143,bar,2e+11,0.005
647,204,175,bar,2e+11,0.005
648,206,175,bar,2e+11,0.005
649,194,124,bar,2e+11,0.005
650,150,194,bar,2e+11,0.005
651,194,158,bar,2e+11,0.005
652,156,194,bar,2e+11,0.005
653,194,149,bar,2e+11,0.005
654,193,158,bar,2e+11,0.005
655,193,131,bar,2e+11,0.005
656,149,193,bar,2e+11,0.005
657,193,159,bar,2e+11,0.005
658,163,137,bar,2e+11,0.005
659,163,199,bar,2e+11,0.005
660,159,199,bar,2e+11,0.005
661,167,134,bar,2e+11,0.005
662,202,134,bar,2e+11,0.005
663,172,139,bar,2e+11,0.005
664,202,172,bar,2e+11,0.005
665,168,139,bar,2e+11,0.005
666,202,168,bar,2e+11,0.005
667,172,204,bar,2e+11,0.005
668,168,204,bar,2e+11,0.005
669,168,206,bar,2e+11,0.005
670,180,213,bar,2e+11,0.005
671,213,178,bar,2e+11,0.005
672,214,190,bar,2e+11,0.005
673,190,156,bar,2e+11,0.005
674,214,182,bar,2e+11,0.005
675,182,156,bar,2e+11,0.005
676,191,214,bar,2e+11,0.005
677,214,185,bar,2e+11,0.005
678,187,214,bar,2e+11,0.005
679,182,150,bar,2e+11,0.005
680,219,149,bar,2e+11,0.005
681,177,145,bar,2e+11,0.005
682,177,213,bar,2e+11,0.005
683,213,148,bar,2e+11,0.005
684,213,187,bar,2e+11,0.005
685,213,191,bar,2e+11,0.005
686,213,157,bar,2e+11,0.005
687,191,157,bar,2e+11,0.005
688,187,157,bar,2e+11,0.005
689,222,159,bar,2e+11,0.005
690,196,222,bar,2e+11,0.005
691,196,159,bar,2e+11,0.005
692,226,199,bar,2e+11,0.005
693,223,199,bar,2e+11,0.005
694,225,202,bar,2e+11,0.005
695,225,172,bar,2e+11,0.005
696,205,168,bar,2e+11,0.005
697,232,206,bar,2e+11,0.005
698,205,232,bar,2e+11,0.005
699,195,156,bar,2e+11,0.005
700,195,149,bar,2e+11,0.005
701,195,219,bar,2e+11,0.005
702,190,219,bar,2e+11,0.005
703,196,149,bar,2e+11,0.005
704,219,196,bar,2e+11,0.005
705,221,159,bar,2e+11,0.005
706,196,221,bar,2e+11,0.005
707,222,163,bar,2e+11,0.005
708,222,199,bar,2e+11,0.005
709,226,167,bar,2e+11,0.005
710,226,202,bar,2e+11,0.005
711,227,202,bar,2e+11,0.005
712,225,168,bar,2e+11,0.005
713,230,168,bar,2e+11,0.005
714,225,205,bar,2e+11,0.005
715,230,205,bar,2e+11,0.005
716,208,180,bar,2e+11,0.005
717,208,176,bar,2e+11,0.005
718,176,207,bar,2e+11,0.005
719,210,180,bar,2e+11,0.005
720,211,190,bar,2e+11,0.005
721,211,182,bar,2e+11,0.005
722,208,177,bar,2e+11,0.005
723,210,191,bar,2e+11,0.005
724,218,191,bar,2e+11,0.005
725,231,205,bar,2e+11,0.005
726,254,252,bar,2e+11,0.005
727,254,251,bar,2e+11,0.005
728,254,253,bar,2e+11,0.005
729,271,261,bar,2e+11,0.005
730,260,268,bar,2e+11,0.005
731,260,270,bar,2e+11,0.005
732,267,260,bar,2e+11,0.005
733,269,260,bar,2e+11,0.005
734,272,261,bar,2e+11,0.005
735,261,269,bar,2e+11,0.005
736,261,267,bar,2e+11,0.005
737,266,256,bar,2e+11,0.005
738,268,257,bar,2e+11,0.005
739,257,266,bar,2e+11,0.005
740,264,271,bar,2e+11,0.005
741,259,268,bar,2e+11,0.005
742,264,267,bar,2e+11,0.005
743,258,267,bar,2e+11,0.005
744,281,278,bar,2e+11,0.005
745,281,279,bar,2e+11,0.005
746,286,283,bar,2e+11,0.005
747,282,283,bar,2e+11,0.005
748,283,281,bar,2e+11,0.005
749,286,282,bar,2e+11,0.005
750,285,286,bar,2e+11,0.005
751,275,274,bar,2e+11,0.005
752,274,273,bar,2e+11,0.005
753,273,275,bar,2e+11,0.005
754,277,280,bar,2e+11,0.005
755,277,278,bar,2e+11,0.005
756,279,278,bar,2e+11,0.005
757,282,281,bar,2e+11,0.005
758,287,284,bar,2e+11,0.005
759,288,287,bar,2e+11,0.005
760,290,289,bar,2e+11,0.005
761,292,290,bar,2e+11,0.005
762,291,292,bar,2e+11,0.005
763,294,293,bar,2e+11,0.005
764,278,274,bar,2e+11,0.005
765,278,273,bar,2e+11,0.005
766,274,279,bar,2e+11,0.005
767,277,274,bar,2e+11,0.005
768,277,273,bar,2e+11,0.005
769,280,273,bar,2e+11,0.005
770,280,276,bar,2e+11,0.005
771,289,279,bar,2e+11,0.005
772,289,281,bar,2e+11,0.005
773,288,293,bar,2e+11,0.005
774,287,293,bar,2e+11,0.005
775,288,294,bar,2e+11,0.005
776,282,289,bar,2e+11,0.005
777,303,302,bar,2e+11,0.005
778,309,304,bar,2e+11,0.005
779,305,309,bar,2e+11,0.005
780,296,297,bar,2e+11,0.005
781,297,295,bar,2e+11,0.005
782,296,295,bar,2e+11,0.005
783,300,301,bar,2e+11,0.005
784,302,301,bar,2e+11,0.005
785,308,306,bar,2e+11,0.005
786,308,305,bar,2e+11,0.005
787,311,310,bar,2e+11,0.005
788,315,313,bar,2e+11,0.005
789,314,315,bar,2e+11,0.005
790,303,301,bar,2e+11,0.005
791,304,303,bar,2e+11,0.005
792,303,300,bar,2e+11,0.005
793,304,300,bar,2e+11,0.005
794,299,296,bar,2e+11,0.005
795,299,297,bar,2e+11,0.005
796,306,315,bar,2e+11,0.005
797,314,306,bar,2e+11,0.005
798,307,314,bar,2e+11,0.005
799,312,295,bar,2e+11,0.005
800,298,312,bar,2e+11,0.005
801,316,311,bar,2e+11,0.005
802,296,312,bar,2e+11,0.005
803,323,325,bar,2e+11,0.005
804,324,323,bar,2e+11,0.005
805,327,324,bar,2e+11,0.005
806,317,318,bar,2e+11,0.005
807,321,320,bar,2e+11,0.005
808,320,319,bar,2e+11,0.005
809,319,321,bar,2e+11,0.005
810,323,322,bar,2e+11,0.005
811,331,326,bar,2e+11,0.005
812,328,330,bar,2e+11,0.005
813,326,330,bar,2e+11,0.005
814,326,328,bar,2e+11,0.005
815,330,327,bar,2e+11,0.005
816,332,331,bar,2e+11,0.005
817,334,333,bar,2e+11,0.005
818,337,334,bar,2e+11,0.005
819,336,337,bar,2e+11,0.005
820,335,336,bar,2e+11,0.005
821,325,322,bar,2e+11,0.005
822,338,329,bar,2e+11,0.005
823,329,336,bar,2e+11,0.005
824,329,335,bar,2e+11,0.005
825,328,336,bar,2e+11,0.005
826,332,338,bar,2e+11,0.005
827,326,335,bar,2e+11,0.005
828,328,335,bar,2e+11,0.005
829,324,334,bar,2e+11,0.005
830,323,333,bar,2e+11,0.005
831,340,343,bar,2e+11,0.005
832,343,342,bar,2e+11,0.005
833,340,341,bar,2e+11,0.005
834,342,341,bar,2e+11,0.005
835,341,343,bar,2e+11,0.005
836,344,346,bar,2e+11,0.005
837,344,345,bar,2e+11,0.005
838,351,348,bar,2e+11,0.005
839,351,350,bar,2e+11,0.005
840,345,342,bar,2e+11,0.005
841,345,341,bar,2e+11,0.005
842,346,341,bar,2e+11,0.005
843,343,339,bar,2e+11,0.005
844,341,339,bar,2e+11,0.005
845,340,339,bar,2e+11,0.005
846,346,340,bar,2e+11,0.005
847,361,359,bar,2e+11,0.005
848,362,361,bar,2e+11,0.005
849,363,361,bar,2e+11,0.005
850,356,354,bar,2e+11,0.005
851,355,354,bar,2e+11,0.005
852,358,360,bar,2e+11,0.005
853,366,364,bar,2e+11,0.005
854,365,364,bar,2e+11,0.005
855,365,366,bar,2e+11,0.005
856,369,368,bar,2e+11,0.005
857,371,369,bar,2e+11,0.005
858,370,371,bar,2e+11,0.005
859,374,372,bar,2e+11,0.005
860,373,372,bar,2e+11,0.005
861,374,373,bar,2e+11,0.005
862,357,359,bar,2e+11,0.005
863,358,357,bar,2e+11,0.005
864,364,371,bar,2e+11,0.005
865,370,364,bar,2e+11,0.005
866,368,359,bar,2e+11,0.005
867,367,354,bar,2e+11,0.005
868,369,363,bar,2e+11,0.005
869,363,368,bar,2e+11,0.005
870,368,361,bar,2e+11,0.005
871,355,367,bar,2e+11,0.005
872,366,371,bar,2e+11,0.005
873,380,379,bar,2e+11,0.005
874,377,378,bar,2e+11,0.005
875,379,378,bar,2e+11,0.005
876,386,381,bar,2e+11,0.005
877,383,385,bar,2e+11,0.005
878,382,383,bar,2e+11,0.005
879,388,387,bar,2e+11,0.005
880,391,390,bar,2e+11,0.005
881,393,391,bar,2e+11,0.005
882,395,392,bar,2e+11,0.005
883,392,394,bar,2e+11,0.005
884,397,395,bar,2e+11,0.005
885,396,395,bar,2e+11,0.005
886,397,396,bar,2e+11,0.005
887,380,378,bar,2e+11,0.005
888,380,377,bar,2e+11,0.005
889,376,375,bar,2e+11,0.005
890,395,384,bar,2e+11,0.005
891,396,384,bar,2e+11,0.005
892,384,394,bar,2e+11,0.005
893,384,392,bar,2e+11,0.005
894,390,379,bar,2e+11,0.005
895,391,381,bar,2e+11,0.005
896,393,381,bar,2e+11,0.005
897,381,390,bar,2e+11,0.005
898,376,389,bar,2e+11,0.005
899,375,389,bar,2e+11,0.005
900,387,395,bar,2e+11,0.005
901,387,397,bar,2e+11,0.005
902,397,388,bar,2e+11,0.005
903,385,393,bar,2e+11,0.005
904,383,394,bar,2e+11,0.005
905,387,396,bar,2e+11,0.005
906,382,392,bar,2e+11,0.005
907,383,392,bar,2e+11,0.005
908,406,404,bar,2e+11,0.005
909,407,408,bar,2e+11,0.005
910,408,406,bar,2e+11,0.005
911,399,398,bar,2e+11,0.005
912,400,402,bar,2e+11,0.005
913,400,401,bar,2e+11,0.005
914,401,402,bar,2e+11,0.005
915,403,405,bar,2e+11,0.005
916,403,404,bar,2e+11,0.005
917,407,406,bar,2e+11,0.005
918,414,409,bar,2e+11,0.005
919,414,412,bar,2e+11,0.005
920,413,411,bar,2e+11,0.005
921,413,410,bar,2e+11,0.005
922,418,417,bar,2e+11,0.005
923,419,418,bar,2e+11,0.005
924,404,401,bar,2e+11,0.005
925,403,401,bar,2e+11,0.005
926,405,401,bar,2e+11,0.005
927,402,399,bar,2e+11,0.005
928,401,399,bar,2e+11,0.005
929,403,400,bar,2e+11,0.005
930,400,399,bar,2e+11,0.005
931,405,400,bar,2e+11,0.005
932,420,412,bar,2e+11,0.005
933,411,419,bar,2e+11,0.005
934,416,398,bar,2e+11,0.005
935,417,406,bar,2e+11,0.005
936,402,416,bar,2e+11,0.005
937,399,416,bar,2e+11,0.005
938,414,420,bar,2e+11,0.005
939,410,419,bar,2e+11,0.005
940,413,419,bar,2e+11,0.005
941,407,417,bar,2e+11,0.005
942,432,430,bar,2e+11,0.005
943,433,434,bar,2e+11,0.005
944,422,424,bar,2e+11,0.005
945,424,421,bar,2e+11,0.005
946,422,421,bar,2e+11,0.005
947,423,421,bar,2e+11,0.005
948,422,423,bar,2e+11,0.005
949,425,426,bar,2e+11,0.005
950,428,431,bar,2e+11,0.005
951,427,431,bar,2e+11,0.005
952,428,427,bar,2e+11,0.005
953,428,429,bar,2e+11,0.005
954,427,429,bar,2e+11,0.005
955,430,429,bar,2e+11,0.005
956,433,432,bar,2e+11,0.005
957,437,436,bar,2e+11,0.005
958,435,437,bar,2e+11,0.005
959,439,438,bar,2e+11,0.005
960,444,443,bar,2e+11,0.005
961,432,429,bar,2e+11,0.005
962,432,428,bar,2e+11,0.005
963,432,427,bar,2e+11,0.005
964,427,425,bar,2e+11,0.005
965,425,423,bar,2e+11,0.005
966,431,425,bar,2e+11,0.005
967,426,423,bar,2e+11,0.005
968,431,426,bar,2e+11,0.005
969,425,422,bar,2e+11,0.005
970,426,422,bar,2e+11,0.005
971,426,424,bar,2e+11,0.005
972,442,436,bar,2e+11,0.005
973,440,421,bar,2e+11,0.005
974,441,434,bar,2e+11,0.005
975,423,440,bar,2e+11,0.005
976,438,443,bar,2e+11,0.005
977,438,444,bar,2e+11,0.005
978,422,440,bar,2e+11,0.005
979,451,453,bar,2e+11,0.005
980,453,450,bar,2e+11,0.005
981,452,451,bar,2e+11,0.005
982,454,450,bar,2e+11,0.005
983,451,454,bar,2e+11,0.005
984,456,452,bar,2e+11,0.005
985,452,454,bar,2e+11,0.005
986,459,452,bar,2e+11,0.005
987,445,446,bar,2e+11,0.005
988,447,448,bar,2e+11,0.005
989,451,450,bar,2e+11,0.005
990,451,449,bar,2e+11,0.005
991,449,450,bar,2e+11,0.005
992,460,455,bar,2e+11,0.005
993,457,459,bar,2e+11,0.005
994,455,457,bar,2e+11,0.005
995,459,456,bar,2e+11,0.005
996,462,461,bar,2e+11,0.005
997,464,461,bar,2e+11,0.005
998,463,464,bar,2e+11,0.005
999,464,462,bar,2e+11,0.005
1000,453,449,bar,2e+11,0.005
1001,449,447,bar,2e+11,0.005
1002,453,447,bar,2e+11,0.005
1003,465,458,bar,2e+11,0.005
1004,458,463,bar,2e+11,0.005
1005,461,454,bar,2e+11,0.005
1006,462,454,bar,2e+11,0.005
1007,460,465,bar,2e+11,0.005
1008,456,462,bar,2e+11,0.005
1009,459,462,bar,2e+11,0.005
1010,457,463,bar,2e+11,0.005
1011,459,464,bar,2e+11,0.005
1012,452,461,bar,2e+11,0.005
1013,452,462,bar,2e+11,0.005
1014,483,476,bar,2e+11,0.005
1015,474,476,bar,2e+11,0.005
1016,483,474,bar,2e+11,0.005
1017,475,474,bar,2e+11,0.005
1018,474,477,bar,2e+11,0.005
1019,475,483,bar,2e+11,0.005
1020,475,477,bar,2e+11,0.005
1021,482,475,bar,2e+11,0.005
1022,468,471,bar,2e+11,0.005
1023,468,470,bar,2e+11,0.005
1024,470,469,bar,2e+11,0.005
1025,474,473,bar,2e+11,0.005
1026,482,479,bar,2e+11,0.005
1027,483,477,bar,2e+11,0.005
1028,481,479,bar,2e+11,0.005
1029,478,481,bar,2e+11,0.005
1030,481,482,bar,2e+11,0.005
1031,486,485,bar,2e+11,0.005
1032,476,473,bar,2e+11,0.005
1033,470,466,bar,2e+11,0.005
1034,468,466,bar,2e+11,0.005
1035,472,468,bar,2e+11,0.005
1036,471,466,bar,2e+11,0.005
1037,472,471,bar,2e+11,0.005
1038,471,467,bar,2e+11,0.005
1039,485,480,bar,2e+11,0.005
1040,486,484,bar,2e+11,0.005
1041,493,497,bar,2e+11,0.005
1042,490,489,bar,2e+11,0.005
1043,490,491,bar,2e+11,0.005
1044,489,491,bar,2e+11,0.005
1045,494,496,bar,2e+11,0.005
1046,492,494,bar,2e+11,0.005
1047,496,493,bar,2e+11,0.005
1048,499,498,bar,2e+11,0.005
1049,504,503,bar,2e+11,0.005
1050,491,488,bar,2e+11,0.005
1051,489,488,bar,2e+11,0.005
1052,503,495,bar,2e+11,0.005
1053,504,495,bar,2e+11,0.005
1054,495,502,bar,2e+11,0.005
1055,498,503,bar,2e+11,0.005
1056,493,501,bar,2e+11,0.005
1057,496,501,bar,2e+11,0.005
1058,494,502,bar,2e+11,0.005
1059,498,504,bar,2e+11,0.005
1060,514,512,bar,2e+11,0.005
1061,515,512,bar,2e+11,0.005
1062,516,518,bar,2e+11,0.005
1063,518,515,bar,2e+11,0.005
1064,517,516,bar,2e+11,0.005
1065,519,517,bar,2e+11,0.005
1066,523,517,bar,2e+11,0.005
1067,507,510,bar,2e+11,0.005
1068,507,509,bar,2e+11,0.005
1069,507,508,bar,2e+11,0.005
1070,508,509,bar,2e+11,0.005
1071,511,513,bar,2e+11,0.005
1072,516,515,bar,2e+11,0.005
1073,516,514,bar,2e+11,0.005
1074,514,515,bar,2e+11,0.005
1075,524,520,bar,2e+11,0.005
1076,524,522,bar,2e+11,0.005
1077,523,521,bar,2e+11,0.005
1078,520,523,bar,2e+11,0.005
1079,520,521,bar,2e+11,0.005
1080,523,519,bar,2e+11,0.005
1081,527,526,bar,2e+11,0.005
1082,518,514,bar,2e+11,0.005
1083,514,511,bar,2e+11,0.005
1084,511,508,bar,2e+11,0.005
1085,513,508,bar,2e+11,0.005
1086,509,505,bar,2e+11,0.005
1087,508,505,bar,2e+11,0.005
1088,511,507,bar,2e+11,0.005
1089,507,505,bar,2e+11,0.005
1090,513,507,bar,2e+11,0.005
1091,510,505,bar,2e+11,0.005
1092,513,510,bar,2e+11,0.005
1093,510,506,bar,2e+11,0.005
1094,528,522,bar,2e+11,0.005
1095,526,512,bar,2e+11,0.005
1096,526,515,bar,2e+11,0.005
1097,509,525,bar,2e+11,0.005
1098,505,525,bar,2e+11,0.005
1099,524,528,bar,2e+11,0.005
1100,517,527,bar,2e+11,0.005
1101,516,526,bar,2e+11,0.005
1102,548,540,bar,2e+11,0.005
1103,538,540,bar,2e+11,0.005
1104,548,538,bar,2e+11,0.005
1105,539,538,bar,2e+11,0.005
1106,538,541,bar,2e+11,0.005
1107,543,548,bar,2e+11,0.005
1108,539,548,bar,2e+11,0.005
1109,543,539,bar,2e+11,0.005
1110,539,541,bar,2e+11,0.005
1111,547,539,bar,2e+11,0.005
1112,529,530,bar,2e+11,0.005
1113,531,532,bar,2e+11,0.005
1114,534,536,bar,2e+11,0.005
1115,533,536,bar,2e+11,0.005
1116,534,533,bar,2e+11,0.005
1117,534,535,bar,2e+11,0.005
1118,533,535,bar,2e+11,0.005
1119,538,537,bar,2e+11,0.005
1120,550,542,bar,2e+11,0.005
1121,549,542,bar,2e+11,0.005
1122,549,544,bar,2e+11,0.005
1123,551,549,bar,2e+11,0.005
1124,547,545,bar,2e+11,0.005
1125,548,541,bar,2e+11,0.005
1126,544,547,bar,2e+11,0.005
1127,544,546,bar,2e+11,0.005
1128,546,545,bar,2e+11,0.005
1129,542,546,bar,2e+11,0.005
1130,544,545,bar,2e+11,0.005
1131,542,544,bar,2e+11,0.005
1132,546,547,bar,2e+11,0.005
1133,547,543,bar,2e+11,0.005
1134,546,543,bar,2e+11,0.005
1135,552,550,bar,2e+11,0.005
1136,551,550,bar,2e+11,0.005
1137,550,549,bar,2e+11,0.005
1138,552,551,bar,2e+11,0.005
1139,555,554,bar,2e+11,0.005
1140,557,555,bar,2e+11,0.005
1141,556,555,bar,2e+11,0.005
1142,557,556,bar,2e+11,0.005
1143,537,535,bar,2e+11,0.005
1144,540,537,bar,2e+11,0.005
1145,537,534,bar,2e+11,0.005
1146,540,534,bar,2e+11,0.005
1147,537,533,bar,2e+11,0.005
1148,533,531,bar,2e+11,0.005
1149,536,531,bar,2e+11,0.005
1150,536,532,bar,2e+11,0.005
1151,531,529,bar,2e+11,0.005
1152,532,529,bar,2e+11,0.005
1153,532,530,bar,2e+11,0.005
1154,554,545,bar,2e+11,0.005
1155,551,555,bar,2e+11,0.005
1156,551,557,bar,2e+11,0.005
1157,557,552,bar,2e+11,0.005
1158,550,555,bar,2e+11,0.005
1159,549,555,bar,2e+11,0.005
1160,551,556,bar,2e+11,0.005
1161,549,554,bar,2e+11,0.005
1162,542,554,bar,2e+11,0.005
1163,544,554,bar,2e+11,0.005
1164,529,553,bar,2e+11,0.005
1165,279,256,bar,2e+11,0.005
1166,243,255,bar,2e+11,0.005
1167,243,256,bar,2e+11,0.005
1168,263,281,bar,2e+11,0.005
1169,281,243,bar,2e+11,0.005
1170,263,289,bar,2e+11,0.005
1171,257,243,bar,2e+11,0.005
1172,289,257,bar,2e+11,0.005
1173,290,263,bar,2e+11,0.005
1174,259,290,bar,2e+11,0.005
1175,290,257,bar,2e+11,0.005
1176,253,235,bar,2e+11,0.005
1177,251,235,bar,2e+11,0.005
1178,252,235,bar,2e+11,0.005
1179,275,254,bar,2e+11,0.005
1180,275,236,bar,2e+11,0.005
1181,275,240,bar,2e+11,0.005
1182,278,255,bar,2e+11,0.005
1183,274,255,bar,2e+11,0.005
1184,289,243,bar,2e+11,0.005
1185,279,243,bar,2e+11,0.005
1186,293,258,bar,2e+11,0.005
1187,264,291,bar,2e+11,0.005
1188,294,264,bar,2e+11,0.005
1189,292,260,bar,2e+11,0.005
1190,291,262,bar,2e+11,0.005
1191,291,260,bar,2e+11,0.005
1192,258,291,bar,2e+11,0.005
1193,262,292,bar,2e+11,0.005
1194,292,259,bar,2e+11,0.005
1195,265,293,bar,2e+11,0.005
1196,293,264,bar,2e+11,0.005
1197,265,294,bar,2e+11,0.005
1198,242,266,bar,2e+11,0.005
1199,268,242,bar,2e+11,0.005
1200,270,242,bar,2e+11,0.005
1201,246,271,bar,2e+11,0.005
1202,246,272,bar,2e+11,0.005
1203,78,250,bar,2e+11,0.005
1204,249,70,bar,2e+11,0.005
1205,85,249,bar,2e+11,0.005
1206,78,248,bar,2e+11,0.005
1207,248,63,bar,2e+11,0.005
1208,269,244,bar,2e+11,0.005
1209,260,244,bar,2e+11,0.005
1210,257,79,bar,2e+11,0.005
1211,270,244,bar,2e+11,0.005
1212,261,245,bar,2e+11,0.005
1213,256,241,bar,2e+11,0.005
1214,266,241,bar,2e+11,0.005
1215,239,38,bar,2e+11,0.005
1216,255,38,bar,2e+11,0.005
1217,255,239,bar,2e+11,0.005
1218,255,240,bar,2e+11,0.005
1219,37,237,bar,2e+11,0.005
1220,238,37,bar,2e+11,0.005
1221,236,252,bar,2e+11,0.005
1222,234,8,bar,2e+11,0.005
1223,233,8,bar,2e+11,0.005
1224,235,8,bar,2e+11,0.005
1225,242,79,bar,2e+11,0.005
1226,242,257,bar,2e+11,0.005
1227,266,79,bar,2e+11,0.005
1228,79,241,bar,2e+11,0.005
1229,266,243,bar,2e+11,0.005
1230,241,57,bar,2e+11,0.005
1231,241,38,bar,2e+11,0.005
1232,256,57,bar,2e+11,0.005
1233,256,38,bar,2e+11,0.005
1234,38,237,bar,2e+11,0.005
1235,256,239,bar,2e+11,0.005
1236,239,37,bar,2e+11,0.005
1237,252,234,bar,2e+11,0.005
1238,240,252,bar,2e+11,0.005
1239,252,233,bar,2e+11,0.005
1240,85,245,bar,2e+11,0.005
1241,244,78,bar,2e+11,0.005
1242,70,244,bar,2e+11,0.005
1243,86,245,bar,2e+11,0.005
1244,245,70,bar,2e+11,0.005
1245,247,8,bar,2e+11,0.005
1246,248,79,bar,2e+11,0.005
1247,250,79,bar,2e+11,0.005
1248,63,241,bar,2e+11,0.005
1249,272,85,bar,2e+11,0.005
1250,272,90,bar,2e+11,0.005
1251,90,246,bar,2e+11,0.005
1252,271,85,bar,2e+11,0.005
1253,261,85,bar,2e+11,0.005
1254,268,250,bar,2e+11,0.005
1255,270,250,bar,2e+11,0.005
1256,269,70,bar,2e+11,0.005
1257,270,78,bar,2e+11,0.005
1258,272,86,bar,2e+11,0.005
1259,261,249,bar,2e+11,0.005
1260,267,249,bar,2e+11,0.005
1261,269,249,bar,2e+11,0.005
1262,266,63,bar,2e+11,0.005
1263,63,128,bar,2e+11,0.005
1264,248,97,bar,2e+11,0.005
1265,247,92,bar,2e+11,0.005
1266,248,127,bar,2e+11,0.005
1267,249,95,bar,2e+11,0.005
1268,245,95,bar,2e+11,0.005
1269,86,116,bar,2e+11,0.005
1270,70,120,bar,2e+11,0.005
1271,250,97,bar,2e+11,0.005
1272,245,100,bar,2e+11,0.005
1273,128,59,bar,2e+11,0.005
1274,69,128,bar,2e+11,0.005
1275,127,69,bar,2e+11,0.005
1276,117,95,bar,2e+11,0.005
1277,120,72,bar,2e+11,0.005
1278,100,117,bar,2e+11,0.005
1279,234,6,bar,2e+11,0.005
1280,238,6,bar,2e+11,0.005
1281,140,6,bar,2e+11,0.005
1282,237,140,bar,2e+11,0.005
1283,37,140,bar,2e+11,0.005
1284,27,138,bar,2e+11,0.005
1285,43,140,bar,2e+11,0.005
1286,57,138,bar,2e+11,0.005
1287,59,138,bar,2e+11,0.005
1288,241,59,bar,2e+11,0.005
1289,248,69,bar,2e+11,0.005
1290,247,1,bar,2e+11,0.005
1291,247,6,bar,2e+11,0.005
1292,238,29,bar,2e+11,0.005
1293,238,140,bar,2e+11,0.005
1294,27,140,bar,2e+11,0.005
1295,140,29,bar,2e+11,0.005
1296,138,43,bar,2e+11,0.005
1297,245,117,bar,2e+11,0.005
1298,244,72,bar,2e+11,0.005
1299,97,127,bar,2e+11,0.005
1300,99,127,bar,2e+11,0.005
1301,120,99,bar,2e+11,0.005
1302,95,120,bar,2e+11,0.005
1303,116,100,bar,2e+11,0.005
1304,104,116,bar,2e+11,0.005
1305,105,203,bar,2e+11,0.005
1306,203,107,bar,2e+11,0.005
1307,197,109,bar,2e+11,0.005
1308,109,201,bar,2e+11,0.005
1309,107,197,bar,2e+11,0.005
1310,201,112,bar,2e+11,0.005
1311,198,112,bar,2e+11,0.005
1312,120,200,bar,2e+11,0.005
1313,72,200,bar,2e+11,0.005
1314,69,126,bar,2e+11,0.005
1315,99,200,bar,2e+11,0.005
1316,27,181,bar,2e+11,0.005
1317,43,181,bar,2e+11,0.005
1318,151,184,bar,2e+11,0.005
1319,29,184,bar,2e+11,0.005
1320,166,151,bar,2e+11,0.005
1321,29,166,bar,2e+11,0.005
1322,92,174,bar,2e+11,0.005
1323,174,160,bar,2e+11,0.005
1324,92,160,bar,2e+11,0.005
1325,1,160,bar,2e+11,0.005
1326,59,133,bar,2e+11,0.005
1327,133,186,bar,2e+11,0.005
1328,133,181,bar,2e+11,0.005
1329,138,186,bar,2e+11,0.005
1330,138,181,bar,2e+11,0.005
1331,181,151,bar,2e+11,0.005
1332,151,186,bar,2e+11,0.005
1333,27,151,bar,2e+11,0.005
1334,27,184,bar,2e+11,0.005
1335,140,184,bar,2e+11,0.005
1336,29,174,bar,2e+11,0.005
1337,6,174,bar,2e+11,0.005
1338,109,200,bar,2e+11,0.005
1339,203,119,bar,2e+11,0.005
1340,119,197,bar,2e+11,0.005
1341,113,186,bar,2e+11,0.005
1342,161,160,bar,2e+11,0.005
1343,198,126,bar,2e+11,0.005
1344,105,104,bar,2e+11,0.005
1345,100,107,bar,2e+11,0.005
1346,97,198,bar,2e+11,0.005
1347,99,198,bar,2e+11,0.005
1348,99,201,bar,2e+11,0.005
1349,116,203,bar,2e+11,0.005
1350,117,197,bar,2e+11,0.005
1351,95,197,bar,2e+11,0.005
1352,120,197,bar,2e+11,0.005
1353,92,161,bar,2e+11,0.005
1354,127,198,bar,2e+11,0.005
1355,113,209,bar,2e+11,0.005
1356,112,216,bar,2e+11,0.005
1357,161,231,bar,2e+11,0.005
1358,112,215,bar,2e+11,0.005
1359,109,218,bar,2e+11,0.005
1360,197,218,bar,2e+11,0.005
1361,119,218,bar,2e+11,0.005
1362,203,208,bar,2e+11,0.005
1363,201,211,bar,2e+11,0.005
1364,109,217,bar,2e+11,0.005
1365,119,220,bar,2e+11,0.005
1366,107,220,bar,2e+11,0.005
1367,207,105,bar,2e+11,0.005
1368,203,207,bar,2e+11,0.005
1369,164,231,bar,2e+11,0.005
1370,210,217,bar,2e+11,0.005
1371,217,212,bar,2e+11,0.005
1372,212,216,bar,2e+11,0.005
1373,220,210,bar,2e+11,0.005
1374,228,164,bar,2e+11,0.005
1375,151,171,bar,2e+11,0.005
1376,151,173,bar,2e+11,0.005
1377,224,171,bar,2e+11,0.005
1378,224,173,bar,2e+11,0.005
1379,186,224,bar,2e+11,0.005
1380,188,224,bar,2e+11,0.005
1381,133,188,bar,2e+11,0.005
1382,113,192,bar,2e+11,0.005
1383,112,192,bar,2e+11,0.005
1384,160,229,bar,2e+11,0.005
1385,161,229,bar,2e+11,0.005
1386,164,229,bar,2e+11,0.005
1387,166,228,bar,2e+11,0.005
1388,228,173,bar,2e+11,0.005
1389,171,228,bar,2e+11,0.005
1390,208,220,bar,2e+11,0.005
1391,207,220,bar,2e+11,0.005
1392,211,216,bar,2e+11,0.005
1393,181,224,bar,2e+11,0.005
1394,151,224,bar,2e+11,0.005
1395,183,224,bar,2e+11,0.005
1396,218,217,bar,2e+11,0.005
1397,217,214,bar,2e+11,0.005
1398,113,188,bar,2e+11,0.005
1399,217,211,bar,2e+11,0.005
1400,192,219,bar,2e+11,0.005
1401,119,210,bar,2e+11,0.005
1402,220,218,bar,2e+11,0.005
1403,201,212,bar,2e+11,0.005
1404,126,192,bar,2e+11,0.005
1405,200,212,bar,2e+11,0.005
1406,109,212,bar,2e+11,0.005
1407,183,221,bar,2e+11,0.005
1408,209,221,bar,2e+11,0.005
1409,173,223,bar,2e+11,0.005
1410,211,215,bar,2e+11,0.005
1411,215,219,bar,2e+11,0.005
1412,209,219,bar,2e+11,0.005
1413,188,221,bar,2e+11,0.005
1414,183,222,bar,2e+11,0.005
1415,183,223,bar,2e+11,0.005
1416,173,226,bar,2e+11,0.005
1417,173,227,bar,2e+11,0.005
1418,171,227,bar,2e+11,0.005
1419,164,230,bar,2e+11,0.005
1420,220,180,bar,2e+11,0.005
1421,216,190,bar,2e+11,0.005
1422,217,187,bar,2e+11,0.005
1423,217,191,bar,2e+11,0.005
1424,215,195,bar,2e+11,0.005
1425,215,190,bar,2e+11,0.005
1426,209,196,bar,2e+11,0.005
1427,279,255,bar,2e+11,0.005
1428,274,239,bar,2e+11,0.005
1429,274,240,bar,2e+11,0.005
1430,273,240,bar,2e+11,0.005
1431,275,252,bar,2e+11,0.005
1432,273,254,bar,2e+11,0.005
1433,275,251,bar,2e+11,0.005
1434,294,271,bar,2e+11,0.005
1435,294,246,bar,2e+11,0.005
1436,246,265,bar,2e+11,0.005
1437,293,271,bar,2e+11,0.005
1438,292,268,bar,2e+11,0.005
1439,291,269,bar,2e+11,0.005
1440,292,270,bar,2e+11,0.005
1441,294,272,bar,2e+11,0.005
1442,291,267,bar,2e+11,0.005
1443,290,242,bar,2e+11,0.005
1444,251,233,bar,2e+11,0.005
1445,290,268,bar,2e+11,0.005
1446,289,266,bar,2e+11,0.005
1447,302,279,bar,2e+11,0.005
1448,313,282,bar,2e+11,0.005
1449,282,263,bar,2e+11,0.005
1450,313,286,bar,2e+11,0.005
1451,285,313,bar,2e+11,0.005
1452,313,263,bar,2e+11,0.005
1453,295,253,bar,2e+11,0.005
1454,312,253,bar,2e+11,0.005
1455,312,254,bar,2e+11,0.005
1456,298,276,bar,2e+11,0.005
1457,298,275,bar,2e+11,0.005
1458,298,273,bar,2e+11,0.005
1459,301,280,bar,2e+11,0.005
1460,301,277,bar,2e+11,0.005
1461,301,278,bar,2e+11,0.005
1462,282,302,bar,2e+11,0.005
1463,302,281,bar,2e+11,0.005
1464,307,284,bar,2e+11,0.005
1465,307,264,bar,2e+11,0.005
1466,288,307,bar,2e+11,0.005
1467,315,262,bar,2e+11,0.005
1468,286,263,bar,2e+11,0.005
1469,306,262,bar,2e+11,0.005
1470,284,306,bar,2e+11,0.005
1471,314,262,bar,2e+11,0.005
1472,284,314,bar,2e+11,0.005
1473,315,285,bar,2e+11,0.005
1474,306,285,bar,2e+11,0.005
1475,316,287,bar,2e+11,0.005
1476,287,307,bar,2e+11,0.005
1477,316,288,bar,2e+11,0.005
1478,302,278,bar,2e+11,0.005
1479,283,302,bar,2e+11,0.005
1480,283,301,bar,2e+11,0.005
1481,302,277,bar,2e+11,0.005
1482,277,298,bar,2e+11,0.005
1483,298,254,bar,2e+11,0.005
1484,280,298,bar,2e+11,0.005
1485,276,254,bar,2e+11,0.005
1486,276,312,bar,2e+11,0.005
1487,276,295,bar,2e+11,0.005
1488,288,265,bar,2e+11,0.005
1489,265,316,bar,2e+11,0.005
1490,307,293,bar,2e+11,0.005
1491,285,259,bar,2e+11,0.005
1492,315,259,bar,2e+11,0.005
1493,314,291,bar,2e+11,0.005
1494,315,292,bar,2e+11,0.005
1495,307,258,bar,2e+11,0.005
1496,284,258,bar,2e+11,0.005
1497,314,258,bar,2e+11,0.005
1498,313,290,bar,2e+11,0.005
1499,312,251,bar,2e+11,0.005
1500,313,259,bar,2e+11,0.005
1501,333,304,bar,2e+11,0.005
1502,304,283,bar,2e+11,0.005
1503,309,333,bar,2e+11,0.005
1504,333,286,bar,2e+11,0.005
1505,334,309,bar,2e+11,0.005
1506,305,334,bar,2e+11,0.005
1507,334,286,bar,2e+11,0.005
1508,296,276,bar,2e+11,0.005
1509,321,299,bar,2e+11,0.005
1510,321,298,bar,2e+11,0.005
1511,321,280,bar,2e+11,0.005
1512,300,319,bar,2e+11,0.005
1513,300,320,bar,2e+11,0.005
1514,320,301,bar,2e+11,0.005
1515,333,283,bar,2e+11,0.005
1516,333,303,bar,2e+11,0.005
1517,303,283,bar,2e+11,0.005
1518,310,335,bar,2e+11,0.005
1519,329,307,bar,2e+11,0.005
1520,337,306,bar,2e+11,0.005
1521,309,286,bar,2e+11,0.005
1522,336,308,bar,2e+11,0.005
1523,335,308,bar,2e+11,0.005
1524,336,306,bar,2e+11,0.005
1525,308,337,bar,2e+11,0.005
1526,337,305,bar,2e+11,0.005
1527,338,310,bar,2e+11,0.005
1528,310,329,bar,2e+11,0.005
1529,311,338,bar,2e+11,0.005
1530,303,320,bar,2e+11,0.005
1531,320,277,bar,2e+11,0.005
1532,320,280,bar,2e+11,0.005
1533,319,280,bar,2e+11,0.005
1534,321,276,bar,2e+11,0.005
1535,299,276,bar,2e+11,0.005
1536,319,299,bar,2e+11,0.005
1537,321,296,bar,2e+11,0.005
1538,338,287,bar,2e+11,0.005
1539,338,316,bar,2e+11,0.005
1540,310,287,bar,2e+11,0.005
1541,329,287,bar,2e+11,0.005
1542,305,285,bar,2e+11,0.005
1543,337,285,bar,2e+11,0.005
1544,336,314,bar,2e+11,0.005
1545,337,315,bar,2e+11,0.005
1546,338,288,bar,2e+11,0.005
1547,329,284,bar,2e+11,0.005
1548,335,284,bar,2e+11,0.005
1549,336,284,bar,2e+11,0.005
1550,334,313,bar,2e+11,0.005
1551,334,285,bar,2e+11,0.005
1552,333,282,bar,2e+11,0.005
1553,322,303,bar,2e+11,0.005
1554,347,325,bar,2e+11,0.005
1555,325,304,bar,2e+11,0.005
1556,347,323,bar,2e+11,0.005
1557,323,309,bar,2e+11,0.005
1558,327,347,bar,2e+11,0.005
1559,324,347,bar,2e+11,0.005
1560,324,309,bar,2e+11,0.005
1561,352,324,bar,2e+11,0.005
1562,318,297,bar,2e+11,0.005
1563,317,297,bar,2e+11,0.005
1564,317,299,bar,2e+11,0.005
1565,343,321,bar,2e+11,0.005
1566,343,319,bar,2e+11,0.005
1567,345,300,bar,2e+11,0.005
1568,342,300,bar,2e+11,0.005
1569,323,304,bar,2e+11,0.005
1570,322,304,bar,2e+11,0.005
1571,350,326,bar,2e+11,0.005
1572,350,328,bar,2e+11,0.005
1573,350,329,bar,2e+11,0.005
1574,332,350,bar,2e+11,0.005
1575,352,308,bar,2e+11,0.005
1576,347,309,bar,2e+11,0.005
1577,328,352,bar,2e+11,0.005
1578,330,308,bar,2e+11,0.005
1579,328,308,bar,2e+11,0.005
1580,330,352,bar,2e+11,0.005
1581,352,327,bar,2e+11,0.005
1582,353,331,bar,2e+11,0.005
1583,331,350,bar,2e+11,0.005
1584,353,332,bar,2e+11,0.005
1585,322,300,bar,2e+11,0.005
1586,322,345,bar,2e+11,0.005
1587,325,345,bar,2e+11,0.005
1588,322,342,bar,2e+11,0.005
1589,342,320,bar,2e+11,0.005
1590,342,319,bar,2e+11,0.005
1591,341,319,bar,2e+11,0.005
1592,343,299,bar,2e+11,0.005
1593,339,299,bar,2e+11,0.005
1594,343,317,bar,2e+11,0.005
1595,339,317,bar,2e+11,0.005
1596,339,318,bar,2e+11,0.005
1597,332,310,bar,2e+11,0.005
1598,332,311,bar,2e+11,0.005
1599,311,353,bar,2e+11,0.005
1600,331,310,bar,2e+11,0.005
1601,350,310,bar,2e+11,0.005
1602,327,305,bar,2e+11,0.005
1603,352,305,bar,2e+11,0.005
1604,352,337,bar,2e+11,0.005
1605,350,335,bar,2e+11,0.005
1606,317,296,bar,2e+11,0.005
1607,324,305,bar,2e+11,0.005
1608,359,322,bar,2e+11,0.005
1609,361,325,bar,2e+11,0.005
1610,368,347,bar,2e+11,0.005
1611,349,363,bar,2e+11,0.005
1612,349,369,bar,2e+11,0.005
1613,369,347,bar,2e+11,0.005
1614,354,318,bar,2e+11,0.005
1615,367,318,bar,2e+11,0.005
1616,367,339,bar,2e+11,0.005
1617,340,355,bar,2e+11,0.005
1618,357,346,bar,2e+11,0.005
1619,344,357,bar,2e+11,0.005
1620,357,345,bar,2e+11,0.005
1621,368,325,bar,2e+11,0.005
1622,359,325,bar,2e+11,0.005
1623,372,348,bar,2e+11,0.005
1624,351,370,bar,2e+11,0.005
1625,373,351,bar,2e+11,0.005
1626,371,330,bar,2e+11,0.005
1627,363,347,bar,2e+11,0.005
1628,364,330,bar,2e+11,0.005
1629,348,364,bar,2e+11,0.005
1630,370,330,bar,2e+11,0.005
1631,348,370,bar,2e+11,0.005
1632,371,349,bar,2e+11,0.005
1633,364,349,bar,2e+11,0.005
1634,372,351,bar,2e+11,0.005
1635,359,345,bar,2e+11,0.005
1636,359,344,bar,2e+11,0.005
1637,361,344,bar,2e+11,0.005
1638,357,342,bar,2e+11,0.005
1639,357,341,bar,2e+11,0.005
1640,357,340,bar,2e+11,0.005
1641,355,339,bar,2e+11,0.005
1642,346,355,bar,2e+11,0.005
1643,340,367,bar,2e+11,0.005
1644,373,331,bar,2e+11,0.005
1645,373,353,bar,2e+11,0.005
1646,353,374,bar,2e+11,0.005
1647,372,331,bar,2e+11,0.005
1648,351,331,bar,2e+11,0.005
1649,349,327,bar,2e+11,0.005
1650,371,327,bar,2e+11,0.005
1651,370,328,bar,2e+11,0.005
1652,371,352,bar,2e+11,0.005
1653,373,332,bar,2e+11,0.005
1654,351,326,bar,2e+11,0.005
1655,348,326,bar,2e+11,0.005
1656,370,326,bar,2e+11,0.005
1657,369,324,bar,2e+11,0.005
1658,367,317,bar,2e+11,0.005
1659,369,327,bar,2e+11,0.005
1660,368,323,bar,2e+11,0.005
1661,379,359,bar,2e+11,0.005
1662,381,362,bar,2e+11,0.005
1663,390,362,bar,2e+11,0.005
1664,390,363,bar,2e+11,0.005
1665,391,363,bar,2e+11,0.005
1666,366,391,bar,2e+11,0.005
1667,389,356,bar,2e+11,0.005
1668,389,354,bar,2e+11,0.005
1669,389,355,bar,2e+11,0.005
1670,376,340,bar,2e+11,0.005
1671,376,346,bar,2e+11,0.005
1672,378,360,bar,2e+11,0.005
1673,378,358,bar,2e+11,0.005
1674,378,344,bar,2e+11,0.005
1675,358,344,bar,2e+11,0.005
1676,390,361,bar,2e+11,0.005
1677,379,361,bar,2e+11,0.005
1678,384,351,bar,2e+11,0.005
1679,381,363,bar,2e+11,0.005
1680,394,366,bar,2e+11,0.005
1681,394,365,bar,2e+11,0.005
1682,392,365,bar,2e+11,0.005
1683,394,364,bar,2e+11,0.005
1684,366,393,bar,2e+11,0.005
1685,365,393,bar,2e+11,0.005
1686,379,344,bar,2e+11,0.005
1687,362,379,bar,2e+11,0.005
1688,362,378,bar,2e+11,0.005
1689,379,358,bar,2e+11,0.005
1690,358,346,bar,2e+11,0.005
1691,360,346,bar,2e+11,0.005
1692,358,376,bar,2e+11,0.005
1693,376,355,bar,2e+11,0.005
1694,360,376,bar,2e+11,0.005
1695,375,355,bar,2e+11,0.005
1696,360,375,bar,2e+11,0.005
1697,375,356,bar,2e+11,0.005
1698,396,372,bar,2e+11,0.005
1699,396,374,bar,2e+11,0.005
1700,374,397,bar,2e+11,0.005
1701,395,372,bar,2e+11,0.005
1702,384,372,bar,2e+11,0.005
1703,393,349,bar,2e+11,0.005
1704,366,349,bar,2e+11,0.005
1705,394,370,bar,2e+11,0.005
1706,396,373,bar,2e+11,0.005
1707,384,348,bar,2e+11,0.005
1708,392,348,bar,2e+11,0.005
1709,394,348,bar,2e+11,0.005
1710,391,369,bar,2e+11,0.005
1711,389,367,bar,2e+11,0.005
1712,391,349,bar,2e+11,0.005
1713,390,368,bar,2e+11,0.005
1714,386,406,bar,2e+11,0.005
1715,406,362,bar,2e+11,0.005
1716,386,417,bar,2e+11,0.005
1717,417,381,bar,2e+11,0.005
1718,419,386,bar,2e+11,0.005
1719,418,386,bar,2e+11,0.005
1720,418,381,bar,2e+11,0.005
1721,385,418,bar,2e+11,0.005
1722,398,356,bar,2e+11,0.005
1723,416,356,bar,2e+11,0.005
1724,416,375,bar,2e+11,0.005
1725,402,376,bar,2e+11,0.005
1726,402,360,bar,2e+11,0.005
1727,377,401,bar,2e+11,0.005
1728,404,377,bar,2e+11,0.005
1729,404,378,bar,2e+11,0.005
1730,417,362,bar,2e+11,0.005
1731,417,380,bar,2e+11,0.005
1732,380,362,bar,2e+11,0.005
1733,420,382,bar,2e+11,0.005
1734,412,382,bar,2e+11,0.005
1735,412,383,bar,2e+11,0.005
1736,412,384,bar,2e+11,0.005
1737,387,412,bar,2e+11,0.005
1738,385,365,bar,2e+11,0.005
1739,383,411,bar,2e+11,0.005
1740,411,365,bar,2e+11,0.005
1741,382,411,bar,2e+11,0.005
1742,383,365,bar,2e+11,0.005
1743,411,385,bar,2e+11,0.005
1744,385,419,bar,2e+11,0.005
1745,388,420,bar,2e+11,0.005
1746,387,420,bar,2e+11,0.005
1747,406,380,bar,2e+11,0.005
1748,380,404,bar,2e+11,0.005
1749,377,358,bar,2e+11,0.005
1750,377,360,bar,2e+11,0.005
1751,401,360,bar,2e+11,0.005
1752,377,402,bar,2e+11,0.005
1753,402,375,bar,2e+11,0.005
1754,399,375,bar,2e+11,0.005
1755,420,395,bar,2e+11,0.005
1756,412,395,bar,2e+11,0.005
1757,419,393,bar,2e+11,0.005
1758,385,366,bar,2e+11,0.005
1759,412,392,bar,2e+11,0.005
1760,418,391,bar,2e+11,0.005
1761,416,389,bar,2e+11,0.005
1762,418,393,bar,2e+11,0.005
1763,417,390,bar,2e+11,0.005
1764,430,380,bar,2e+11,0.005
1765,434,408,bar,2e+11,0.005
1766,434,407,bar,2e+11,0.005
1767,441,407,bar,2e+11,0.005
1768,407,386,bar,2e+11,0.005
1769,410,434,bar,2e+11,0.005
1770,410,441,bar,2e+11,0.005
1771,441,386,bar,2e+11,0.005
1772,413,441,bar,2e+11,0.005
1773,421,398,bar,2e+11,0.005
1774,440,398,bar,2e+11,0.005
1775,440,399,bar,2e+11,0.005
1776,400,423,bar,2e+11,0.005
1777,429,405,bar,2e+11,0.005
1778,429,403,bar,2e+11,0.005
1779,429,404,bar,2e+11,0.005
1780,407,430,bar,2e+11,0.005
1781,430,406,bar,2e+11,0.005
1782,443,409,bar,2e+11,0.005
1783,414,442,bar,2e+11,0.005
1784,444,414,bar,2e+11,0.005
1785,434,386,bar,2e+11,0.005
1786,442,413,bar,2e+11,0.005
1787,436,411,bar,2e+11,0.005
1788,409,436,bar,2e+11,0.005
1789,442,411,bar,2e+11,0.005
1790,409,442,bar,2e+11,0.005
1791,436,413,bar,2e+11,0.005
1792,436,410,bar,2e+11,0.005
1793,415,443,bar,2e+11,0.005
1794,443,414,bar,2e+11,0.005
1795,415,444,bar,2e+11,0.005
1796,430,404,bar,2e+11,0.005
1797,408,430,bar,2e+11,0.005
1798,408,429,bar,2e+11,0.005
1799,430,403,bar,2e+11,0.005
1800,403,377,bar,2e+11,0.005
1801,423,399,bar,2e+11,0.005
1802,405,423,bar,2e+11,0.005
1803,400,440,bar,2e+11,0.005
1804,444,420,bar,2e+11,0.005
1805,444,388,bar,2e+11,0.005
1806,388,415,bar,2e+11,0.005
1807,443,420,bar,2e+11,0.005
1808,442,383,bar,2e+11,0.005
1809,413,385,bar,2e+11,0.005
1810,444,387,bar,2e+11,0.005
1811,414,382,bar,2e+11,0.005
1812,409,382,bar,2e+11,0.005
1813,442,382,bar,2e+11,0.005
1814,441,418,bar,2e+11,0.005
1815,440,416,bar,2e+11,0.005
1816,441,419,bar,2e+11,0.005
1817,433,450,bar,2e+11,0.005
1818,450,408,bar,2e+11,0.005
1819,454,433,bar,2e+11,0.005
1820,461,433,bar,2e+11,0.005
1821,461,434,bar,2e+11,0.005
1822,425,400,bar,2e+11,0.005
1823,425,405,bar,2e+11,0.005
1824,433,408,bar,2e+11,0.005
1825,432,408,bar,2e+11,0.005
1826,465,435,bar,2e+11,0.005
1827,458,435,bar,2e+11,0.005
1828,458,414,bar,2e+11,0.005
1829,438,458,bar,2e+11,0.005
1830,464,436,bar,2e+11,0.005
1831,454,434,bar,2e+11,0.005
1832,463,437,bar,2e+11,0.005
1833,463,436,bar,2e+11,0.005
1834,435,463,bar,2e+11,0.005
1835,437,464,bar,2e+11,0.005
1836,437,462,bar,2e+11,0.005
1837,439,465,bar,2e+11,0.005
1838,438,465,bar,2e+11,0.005
1839,450,432,bar,2e+11,0.005
1840,450,428,bar,2e+11,0.005
1841,427,403,bar,2e+11,0.005
1842,427,405,bar,2e+11,0.005
1843,431,405,bar,2e+11,0.005
1844,438,415,bar,2e+11,0.005
1845,415,439,bar,2e+11,0.005
1846,465,443,bar,2e+11,0.005
1847,458,443,bar,2e+11,0.005
1848,462,410,bar,2e+11,0.005
1849,464,410,bar,2e+11,0.005
1850,463,442,bar,2e+11,0.005
1851,464,413,bar,2e+11,0.005
1852,458,409,bar,2e+11,0.005
1853,435,409,bar,2e+11,0.005
1854,463,409,bar,2e+11,0.005
1855,461,441,bar,2e+11,0.005
1856,461,410,bar,2e+11,0.005
1857,433,407,bar,2e+11,0.005
1858,449,432,bar,2e+11,0.005
1859,477,453,bar,2e+11,0.005
1860,477,451,bar,2e+11,0.005
1861,456,477,bar,2e+11,0.005
1862,452,477,bar,2e+11,0.005
1863,446,424,bar,2e+11,0.005
1864,445,424,bar,2e+11,0.005
1865,445,426,bar,2e+11,0.005
1866,470,425,bar,2e+11,0.005
1867,470,431,bar,2e+11,0.005
1868,469,448,bar,2e+11,0.005
1869,447,469,bar,2e+11,0.005
1870,447,428,bar,2e+11,0.005
1871,469,428,bar,2e+11,0.005
1872,480,455,bar,2e+11,0.005
1873,480,457,bar,2e+11,0.005
1874,480,458,bar,2e+11,0.005
1875,459,437,bar,2e+11,0.005
1876,477,454,bar,2e+11,0.005
1877,457,479,bar,2e+11,0.005
1878,479,437,bar,2e+11,0.005
1879,455,479,bar,2e+11,0.005
1880,457,437,bar,2e+11,0.005
1881,479,459,bar,2e+11,0.005
1882,479,456,bar,2e+11,0.005
1883,486,460,bar,2e+11,0.005
1884,485,460,bar,2e+11,0.005
1885,460,480,bar,2e+11,0.005
1886,449,428,bar,2e+11,0.005
1887,449,469,bar,2e+11,0.005
1888,469,427,bar,2e+11,0.005
1889,469,431,bar,2e+11,0.005
1890,448,431,bar,2e+11,0.005
1891,470,426,bar,2e+11,0.005
1892,448,470,bar,2e+11,0.005
1893,466,426,bar,2e+11,0.005
1894,448,466,bar,2e+11,0.005
1895,470,445,bar,2e+11,0.005
1896,466,445,bar,2e+11,0.005
1897,466,446,bar,2e+11,0.005
1898,485,465,bar,2e+11,0.005
1899,485,439,bar,2e+11,0.005
1900,439,486,bar,2e+11,0.005
1901,480,465,bar,2e+11,0.005
1902,485,438,bar,2e+11,0.005
1903,480,435,bar,2e+11,0.005
1904,455,435,bar,2e+11,0.005
1905,457,435,bar,2e+11,0.005
1906,445,422,bar,2e+11,0.005
1907,451,433,bar,2e+11,0.005
1908,473,449,bar,2e+11,0.005
1909,476,453,bar,2e+11,0.005
1910,501,483,bar,2e+11,0.005
1911,501,475,bar,2e+11,0.005
1912,500,467,bar,2e+11,0.005
1913,467,446,bar,2e+11,0.005
1914,500,446,bar,2e+11,0.005
1915,500,466,bar,2e+11,0.005
1916,468,448,bar,2e+11,0.005
1917,491,472,bar,2e+11,0.005
1918,488,472,bar,2e+11,0.005
1919,491,447,bar,2e+11,0.005
1920,488,447,bar,2e+11,0.005
1921,474,453,bar,2e+11,0.005
1922,473,453,bar,2e+11,0.005
1923,503,478,bar,2e+11,0.005
1924,495,478,bar,2e+11,0.005
1925,495,480,bar,2e+11,0.005
1926,502,482,bar,2e+11,0.005
1927,502,481,bar,2e+11,0.005
1928,502,479,bar,2e+11,0.005
1929,478,502,bar,2e+11,0.005
1930,482,501,bar,2e+11,0.005
1931,481,501,bar,2e+11,0.005
1932,484,503,bar,2e+11,0.005
1933,484,504,bar,2e+11,0.005
1934,473,447,bar,2e+11,0.005
1935,473,491,bar,2e+11,0.005
1936,476,491,bar,2e+11,0.005
1937,473,488,bar,2e+11,0.005
1938,488,469,bar,2e+11,0.005
1939,488,448,bar,2e+11,0.005
1940,472,448,bar,2e+11,0.005
1941,488,468,bar,2e+11,0.005
1942,468,500,bar,2e+11,0.005
1943,471,500,bar,2e+11,0.005
1944,504,460,bar,2e+11,0.005
1945,504,486,bar,2e+11,0.005
1946,503,460,bar,2e+11,0.005
1947,495,460,bar,2e+11,0.005
1948,501,456,bar,2e+11,0.005
1949,482,456,bar,2e+11,0.005
1950,502,457,bar,2e+11,0.005
1951,482,459,bar,2e+11,0.005
1952,504,485,bar,2e+11,0.005
1953,495,455,bar,2e+11,0.005
1954,478,455,bar,2e+11,0.005
1955,502,455,bar,2e+11,0.005
1956,475,452,bar,2e+11,0.005
1957,500,445,bar,2e+11,0.005
1958,475,456,bar,2e+11,0.005
1959,474,451,bar,2e+11,0.005
1960,512,473,bar,2e+11,0.005
1961,497,515,bar,2e+11,0.005
1962,515,476,bar,2e+11,0.005
1963,497,526,bar,2e+11,0.005
1964,526,483,bar,2e+11,0.005
1965,527,497,bar,2e+11,0.005
1966,493,527,bar,2e+11,0.005
1967,527,483,bar,2e+11,0.005
1968,496,527,bar,2e+11,0.005
1969,525,487,bar,2e+11,0.005
1970,487,467,bar,2e+11,0.005
1971,525,467,bar,2e+11,0.005
1972,525,471,bar,2e+11,0.005
1973,509,468,bar,2e+11,0.005
1974,509,472,bar,2e+11,0.005
1975,490,508,bar,2e+11,0.005
1976,489,508,bar,2e+11,0.005
1977,526,476,bar,2e+11,0.005
1978,512,476,bar,2e+11,0.005
1979,528,492,bar,2e+11,0.005
1980,522,492,bar,2e+11,0.005
1981,522,494,bar,2e+11,0.005
1982,522,495,bar,2e+11,0.005
1983,498,522,bar,2e+11,0.005
1984,496,481,bar,2e+11,0.005
1985,497,483,bar,2e+11,0.005
1986,494,521,bar,2e+11,0.005
1987,521,481,bar,2e+11,0.005
1988,492,521,bar,2e+11,0.005
1989,494,481,bar,2e+11,0.005
1990,521,496,bar,2e+11,0.005
1991,521,493,bar,2e+11,0.005
1992,499,528,bar,2e+11,0.005
1993,498,528,bar,2e+11,0.005
1994,512,491,bar,2e+11,0.005
1995,512,490,bar,2e+11,0.005
1996,515,490,bar,2e+11,0.005
1997,512,489,bar,2e+11,0.005
1998,489,472,bar,2e+11,0.005
1999,508,472,bar,2e+11,0.005
2000,489,509,bar,2e+11,0.005
2001,509,471,bar,2e+11,0.005
2002,505,471,bar,2e+11,0.005
2003,505,487,bar,2e+11,0.005
2004,498,484,bar,2e+11,0.005
2005,484,499,bar,2e+11,0.005
2006,528,503,bar,2e+11,0.005
2007,522,503,bar,2e+11,0.005
2008,496,482,bar,2e+11,0.005
2009,522,478,bar,2e+11,0.005
2010,492,478,bar,2e+11,0.005
2011,494,478,bar,2e+11,0.005
2012,527,475,bar,2e+11,0.005
2013,525,500,bar,2e+11,0.005
2014,527,501,bar,2e+11,0.005
2015,526,474,bar,2e+11,0.005
2016,541,518,bar,2e+11,0.005
2017,541,516,bar,2e+11,0.005
2018,516,497,bar,2e+11,0.005
2019,519,541,bar,2e+11,0.005
2020,517,541,bar,2e+11,0.005
2021,517,497,bar,2e+11,0.005
2022,553,506,bar,2e+11,0.005
2023,506,487,bar,2e+11,0.005
2024,553,487,bar,2e+11,0.005
2025,553,505,bar,2e+11,0.005
2026,535,513,bar,2e+11,0.005
2027,535,511,bar,2e+11,0.005
2028,535,490,bar,2e+11,0.005
2029,511,490,bar,2e+11,0.005
2030,524,554,bar,2e+11,0.005
2031,556,524,bar,2e+11,0.005
2032,541,497,bar,2e+11,0.005
2033,520,545,bar,2e+11,0.005
2034,545,521,bar,2e+11,0.005
2035,554,520,bar,2e+11,0.005
2036,545,523,bar,2e+11,0.005
2037,545,519,bar,2e+11,0.005
2038,555,524,bar,2e+11,0.005
2039,514,490,bar,2e+11,0.005
2040,514,535,bar,2e+11,0.005
2041,518,535,bar,2e+11,0.005
2042,511,489,bar,2e+11,0.005
2043,507,553,bar,2e+11,0.005
2044,510,553,bar,2e+11,0.005
2045,556,528,bar,2e+11,0.005
2046,556,499,bar,2e+11,0.005
2047,499,557,bar,2e+11,0.005
2048,555,528,bar,2e+11,0.005
2049,519,493,bar,2e+11,0.005
2050,523,493,bar,2e+11,0.005
2051,520,494,bar,2e+11,0.005
2052,523,496,bar,2e+11,0.005
2053,556,498,bar,2e+11,0.005
2054,524,492,bar,2e+11,0.005
2055,554,492,bar,2e+11,0.005
2056,520,492,bar,2e+11,0.005
2057,553,525,bar,2e+11,0.005
2058,517,493,bar,2e+11,0.005
2059,537,514,bar,2e+11,0.005
2060,540,518,bar,2e+11,0.005
2061,530,506,bar,2e+11,0.005
2062,529,506,bar,2e+11,0.005
2063,529,510,bar,2e+11,0.005
2064,531,507,bar,2e+11,0.005
2065,531,513,bar,2e+11,0.005
2066,538,518,bar,2e+11,0.005
2067,537,518,bar,2e+11,0.005
2068,549,524,bar,2e+11,0.005
2069,533,511,bar,2e+11,0.005
2070,533,513,bar,2e+11,0.005
2071,536,513,bar,2e+11,0.005
2072,531,510,bar,2e+11,0.005
2073,532,510,bar,2e+11,0.005
2074,543,519,bar,2e+11,0.005
2075,547,519,bar,2e+11,0.005
2076,544,520,bar,2e+11,0.005
2077,547,523,bar,2e+11,0.005
2078,539,517,bar,2e+11,0.005
2079,539,519,bar,2e+11,0.005
2080,538,516,bar,2e+11,0.005
2081,61,558,bar,2e+11,0.005
2082,77,559,bar,2e+11,0.005
2083,492,560,bar,2e+11,0.005
2084,508,561,bar,2e+11,0.005
2085,157,558,bar,2e+11,0.005
2086,202,559,bar,2e+11,0.005
2087,409,560,bar,2e+11,0.005
2088,405,561,bar,2e+11,0.005
2089,20,558,bar,2e+11,0.005
2090,23,559,bar,2e+11,0.005
2091,493,560,bar,2e+11,0.005
2092,515,561,bar,2e+11,0.005
#SUPPORTS
node,rx,ry,rz
558,1,1,1
559,1,1,1
560,1,1,1
561,1,1,1
#FORCES
node,Fx,Fy,Fz
2,0,0,-1000
5,0,0,-1000
7,0,0,-1000
10,0,0,-1000
14,0,0,-1000
16,0,0,-1000
19,0,0,-1000
24,0,0,-1000
26,0,0,-1000
27,0,0,-1000
29,0,0,-1000
31,0,0,-1000
34,0,0,-1000
37,0,0,-1000
39,0,0,-1000
40,0,0,-1000
42,0,0,-1000
45,0,0,-1000
48,0,0,-1000
54,0,0,-1000
57,0,0,-1000
60,0,0,-1000
62,0,0,-1000
63,0,0,-1000
67,0,0,-1000
68,0,0,-1000
70,0,0,-1000
74,0,0,-1000
76,0,0,-1000
78,0,0,-1000
81,0,0,-1000
84,0,0,-1000
86,0,0,-1000
88,0,0,-1000
92,0,0,-1000
93,0,0,-1000
96,0,0,-1000
99,0,0,-1000
101,0,0,-1000
102,0,0,-1000
103,0,0,-1000
106,0,0,-1000
108,0,0,-1000
109,0,0,-1000
110,0,0,-1000
111,0,0,-1000
112,0,0,-1000
113,0,0,-1000
114,0,0,-1000
116,0,0,-1000
117,0,0,-1000
118,0,0,-1000
119,0,0,-1000
120,0,0,-1000
121,0,0,-1000
122,0,0,-1000
123,0,0,-1000
127,0,0,-1000
128,0,0,-1000
129,0,0,-1000
130,0,0,-1000
131,0,0,-1000
135,0,0,-1000
138,0,0,-1000
143,0,0,-1000
145,0,0,-1000
148,0,0,-1000
150,0,0,-1000
151,0,0,-1000
152,0,0,-1000
154,0,0,-1000
161,0,0,-1000
163,0,0,-1000
165,0,0,-1000
166,0,0,-1000
167,0,0,-1000
169,0,0,-1000
170,0,0,-1000
172,0,0,-1000
173,0,0,-1000
177,0,0,-1000
182,0,0,-1000
183,0,0,-1000
186,0,0,-1000
187,0,0,-1000
189,0,0,-1000
193,0,0,-1000
194,0,0,-1000
195,0,0,-1000
196,0,0,-1000
201,0,0,-1000
203,0,0,-1000
204,0,0,-1000
205,0,0,-1000
208,0,0,-1000
209,0,0,-1000
210,0,0,-1000
211,0,0,-1000
213,0,0,-1000
215,0,0,-1000
217,0,0,-1000
222,0,0,-1000
225,0,0,-1000
226,0,0,-1000
228,0,0,-1000
231,0,0,-1000
233,0,0,-1000
236,0,0,-1000
238,0,0,-1000
239,0,0,-1000
242,0,0,-1000
245,0,0,-1000
247,0,0,-1000
248,0,0,-1000
251,0,0,-1000
256,0,0,-1000
261,0,0,-1000
264,0,0,-1000
266,0,0,-1000
269,0,0,-1000
270,0,0,-1000
272,0,0,-1000
274,0,0,-1000
275,0,0,-1000
277,0,0,-1000
279,0,0,-1000
282,0,0,-1000
288,0,0,-1000
289,0,0,-1000
290,0,0,-1000
291,0,0,-1000
292,0,0,-1000
294,0,0,-1000
296,0,0,-1000
298,0,0,-1000
302,0,0,-1000
303,0,0,-1000
307,0,0,-1000
312,0,0,-1000
313,0,0,-1000
314,0,0,-1000
315,0,0,-1000
317,0,0,-1000
320,0,0,-1000
321,0,0,-1000
322,0,0,-1000
323,0,0,-1000
324,0,0,-1000
328,0,0,-1000
329,0,0,-1000
332,0,0,-1000
333,0,0,-1000
334,0,0,-1000
336,0,0,-1000
337,0,0,-1000
338,0,0,-1000
340,0,0,-1000
342,0,0,-1000
343,0,0,-1000
350,0,0,-1000
351,0,0,-1000
352,0,0,-1000
357,0,0,-1000
358,0,0,-1000
359,0,0,-1000
366,0,0,-1000
367,0,0,-1000
368,0,0,-1000
369,0,0,-1000
370,0,0,-1000
371,0,0,-1000
373,0,0,-1000
376,0,0,-1000
377,0,0,-1000
379,0,0,-1000
380,0,0,-1000
383,0,0,-1000
384,0,0,-1000
385,0,0,-1000
387,0,0,-1000
389,0,0,-1000
390,0,0,-1000
391,0,0,-1000
394,0,0,-1000
396,0,0,-1000
400,0,0,-1000
402,0,0,-1000
403,0,0,-1000
407,0,0,-1000
412,0,0,-1000
413,0,0,-1000
414,0,0,-1000
416,0,0,-1000
417,0,0,-1000
418,0,0,-1000
422,0,0,-1000
425,0,0,-1000
427,0,0,-1000
430,0,0,-1000
432,0,0,-1000
433,0,0,-1000
438,0,0,-1000
440,0,0,-1000
441,0,0,-1000
442,0,0,-1000
444,0,0,-1000
445,0,0,-1000
449,0,0,-1000
451,0,0,-1000
452,0,0,-1000
457,0,0,-1000
458,0,0,-1000
459,0,0,-1000
461,0,0,-1000
463,0,0,-1000
464,0,0,-1000
468,0,0,-1000
469,0,0,-1000
470,0,0,-1000
473,0,0,-1000
474,0,0,-1000
475,0,0,-1000
480,0,0,-1000
482,0,0,-1000
485,0,0,-1000
488,0,0,-1000
489,0,0,-1000
494,0,0,-1000
495,0,0,-1000
496,0,0,-1000
498,0,0,-1000
500,0,0,-1000
502,0,0,-1000
504,0,0,-1000
507,0,0,-1000
509,0,0,-1000
511,0,0,-1000
512,0,0,-1000
514,0,0,-1000
516,0,0,-1000
517,0,0,-1000
520,0,0,-1000
522,0,0,-1000
523,0,0,-1000
524,0,0,-1000
525,0,0,-1000
526,0,0,-1000
527,0,0,-1000
529,0,0,-1000
531,0,0,-1000
533,0,0,-1000
537,0,0,-1000
538,0,0,-1000
539,0,0,-1000
544,0,0,-1000
547,0,0,-1000
549,0,0,-1000
551,0,0,-1000
553,0,0,-1000
556,0,0,-1000
