# StructLab CSV - 3D barrel-vault double-layer space frame (78 x 30 m plan, 6 m module)
# Units: SI. Z = UP, downward load = Fz<0. Bars only (pin-jointed, axial forces).
# Concept follows the Lecture 37 space-frame roof: square-on-square offset grid, parabolic
# vault along X (springing z=15 m, rise 4 m), 4 m deep, carried on 4 corner tripod legs.
# Centred on the origin. Groups: Bottom chord / Top chord / Web / Leg. 20 kN per top node.
#NODES
id,x,y,z
1,-39,-15,15
2,-33,-15,16.136
3,-27,-15,17.083
4,-21,-15,17.84
5,-15,-15,18.408
6,-9,-15,18.787
7,-3,-15,18.976
8,3,-15,18.976
9,9,-15,18.787
10,15,-15,18.408
11,21,-15,17.84
12,27,-15,17.083
13,33,-15,16.136
14,39,-15,15
15,-39,-9,15
16,-33,-9,16.136
17,-27,-9,17.083
18,-21,-9,17.84
19,-15,-9,18.408
20,-9,-9,18.787
21,-3,-9,18.976
22,3,-9,18.976
23,9,-9,18.787
24,15,-9,18.408
25,21,-9,17.84
26,27,-9,17.083
27,33,-9,16.136
28,39,-9,15
29,-39,-3,15
30,-33,-3,16.136
31,-27,-3,17.083
32,-21,-3,17.84
33,-15,-3,18.408
34,-9,-3,18.787
35,-3,-3,18.976
36,3,-3,18.976
37,9,-3,18.787
38,15,-3,18.408
39,21,-3,17.84
40,27,-3,17.083
41,33,-3,16.136
42,39,-3,15
43,-39,3,15
44,-33,3,16.136
45,-27,3,17.083
46,-21,3,17.84
47,-15,3,18.408
48,-9,3,18.787
49,-3,3,18.976
50,3,3,18.976
51,9,3,18.787
52,15,3,18.408
53,21,3,17.84
54,27,3,17.083
55,33,3,16.136
56,39,3,15
57,-39,9,15
58,-33,9,16.136
59,-27,9,17.083
60,-21,9,17.84
61,-15,9,18.408
62,-9,9,18.787
63,-3,9,18.976
64,3,9,18.976
65,9,9,18.787
66,15,9,18.408
67,21,9,17.84
68,27,9,17.083
69,33,9,16.136
70,39,9,15
71,-39,15,15
72,-33,15,16.136
73,-27,15,17.083
74,-21,15,17.84
75,-15,15,18.408
76,-9,15,18.787
77,-3,15,18.976
78,3,15,18.976
79,9,15,18.787
80,15,15,18.408
81,21,15,17.84
82,27,15,17.083
83,33,15,16.136
84,39,15,15
85,-36,-12,19.592
86,-30,-12,20.633
87,-24,-12,21.485
88,-18,-12,22.148
89,-12,-12,22.621
90,-6,-12,22.905
91,0,-12,23
92,6,-12,22.905
93,12,-12,22.621
94,18,-12,22.148
95,24,-12,21.485
96,30,-12,20.633
97,36,-12,19.592
98,-36,-6,19.592
99,-30,-6,20.633
100,-24,-6,21.485
101,-18,-6,22.148
102,-12,-6,22.621
103,-6,-6,22.905
104,0,-6,23
105,6,-6,22.905
106,12,-6,22.621
107,18,-6,22.148
108,24,-6,21.485
109,30,-6,20.633
110,36,-6,19.592
111,-36,0,19.592
112,-30,0,20.633
113,-24,0,21.485
114,-18,0,22.148
115,-12,0,22.621
116,-6,0,22.905
117,0,0,23
118,6,0,22.905
119,12,0,22.621
120,18,0,22.148
121,24,0,21.485
122,30,0,20.633
123,36,0,19.592
124,-36,6,19.592
125,-30,6,20.633
126,-24,6,21.485
127,-18,6,22.148
128,-12,6,22.621
129,-6,6,22.905
130,0,6,23
131,6,6,22.905
132,12,6,22.621
133,18,6,22.148
134,24,6,21.485
135,30,6,20.633
136,36,6,19.592
137,-36,12,19.592
138,-30,12,20.633
139,-24,12,21.485
140,-18,12,22.148
141,-12,12,22.621
142,-6,12,22.905
143,0,12,23
144,6,12,22.905
145,12,12,22.621
146,18,12,22.148
147,24,12,21.485
148,30,12,20.633
149,36,12,19.592
150,-36,-12,0
151,-36,12,0
152,36,-12,0
153,36,12,0
#MEMBERS
id,node_i,node_j,etype,group,E,A,fy,density
1,1,2,bar,Bottom chord,2.1e+11,0.005,2.75e+08,7850
2,2,3,bar,Bottom chord,2.1e+11,0.005,2.75e+08,7850
3,3,4,bar,Bottom chord,2.1e+11,0.005,2.75e+08,7850
4,4,5,bar,Bottom chord,2.1e+11,0.005,2.75e+08,7850
5,5,6,bar,Bottom chord,2.1e+11,0.005,2.75e+08,7850
6,6,7,bar,Bottom chord,2.1e+11,0.005,2.75e+08,7850
7,7,8,bar,Bottom chord,2.1e+11,0.005,2.75e+08,7850
8,8,9,bar,Bottom chord,2.1e+11,0.005,2.75e+08,7850
9,9,10,bar,Bottom chord,2.1e+11,0.005,2.75e+08,7850
10,10,11,bar,Bottom chord,2.1e+11,0.005,2.75e+08,7850
11,11,12,bar,Bottom chord,2.1e+11,0.005,2.75e+08,7850
12,12,13,bar,Bottom chord,2.1e+11,0.005,2.75e+08,7850
13,13,14,bar,Bottom chord,2.1e+11,0.005,2.75e+08,7850
14,15,16,bar,Bottom chord,2.1e+11,0.005,2.75e+08,7850
15,16,17,bar,Bottom chord,2.1e+11,0.005,2.75e+08,7850
16,17,18,bar,Bottom chord,2.1e+11,0.005,2.75e+08,7850
17,18,19,bar,Bottom chord,2.1e+11,0.005,2.75e+08,7850
18,19,20,bar,Bottom chord,2.1e+11,0.005,2.75e+08,7850
19,20,21,bar,Bottom chord,2.1e+11,0.005,2.75e+08,7850
20,21,22,bar,Bottom chord,2.1e+11,0.005,2.75e+08,7850
21,22,23,bar,Bottom chord,2.1e+11,0.005,2.75e+08,7850
22,23,24,bar,Bottom chord,2.1e+11,0.005,2.75e+08,7850
23,24,25,bar,Bottom chord,2.1e+11,0.005,2.75e+08,7850
24,25,26,bar,Bottom chord,2.1e+11,0.005,2.75e+08,7850
25,26,27,bar,Bottom chord,2.1e+11,0.005,2.75e+08,7850
26,27,28,bar,Bottom chord,2.1e+11,0.005,2.75e+08,7850
27,29,30,bar,Bottom chord,2.1e+11,0.005,2.75e+08,7850
28,30,31,bar,Bottom chord,2.1e+11,0.005,2.75e+08,7850
29,31,32,bar,Bottom chord,2.1e+11,0.005,2.75e+08,7850
30,32,33,bar,Bottom chord,2.1e+11,0.005,2.75e+08,7850
31,33,34,bar,Bottom chord,2.1e+11,0.005,2.75e+08,7850
32,34,35,bar,Bottom chord,2.1e+11,0.005,2.75e+08,7850
33,35,36,bar,Bottom chord,2.1e+11,0.005,2.75e+08,7850
34,36,37,bar,Bottom chord,2.1e+11,0.005,2.75e+08,7850
35,37,38,bar,Bottom chord,2.1e+11,0.005,2.75e+08,7850
36,38,39,bar,Bottom chord,2.1e+11,0.005,2.75e+08,7850
37,39,40,bar,Bottom chord,2.1e+11,0.005,2.75e+08,7850
38,40,41,bar,Bottom chord,2.1e+11,0.005,2.75e+08,7850
39,41,42,bar,Bottom chord,2.1e+11,0.005,2.75e+08,7850
40,43,44,bar,Bottom chord,2.1e+11,0.005,2.75e+08,7850
41,44,45,bar,Bottom chord,2.1e+11,0.005,2.75e+08,7850
42,45,46,bar,Bottom chord,2.1e+11,0.005,2.75e+08,7850
43,46,47,bar,Bottom chord,2.1e+11,0.005,2.75e+08,7850
44,47,48,bar,Bottom chord,2.1e+11,0.005,2.75e+08,7850
45,48,49,bar,Bottom chord,2.1e+11,0.005,2.75e+08,7850
46,49,50,bar,Bottom chord,2.1e+11,0.005,2.75e+08,7850
47,50,51,bar,Bottom chord,2.1e+11,0.005,2.75e+08,7850
48,51,52,bar,Bottom chord,2.1e+11,0.005,2.75e+08,7850
49,52,53,bar,Bottom chord,2.1e+11,0.005,2.75e+08,7850
50,53,54,bar,Bottom chord,2.1e+11,0.005,2.75e+08,7850
51,54,55,bar,Bottom chord,2.1e+11,0.005,2.75e+08,7850
52,55,56,bar,Bottom chord,2.1e+11,0.005,2.75e+08,7850
53,57,58,bar,Bottom chord,2.1e+11,0.005,2.75e+08,7850
54,58,59,bar,Bottom chord,2.1e+11,0.005,2.75e+08,7850
55,59,60,bar,Bottom chord,2.1e+11,0.005,2.75e+08,7850
56,60,61,bar,Bottom chord,2.1e+11,0.005,2.75e+08,7850
57,61,62,bar,Bottom chord,2.1e+11,0.005,2.75e+08,7850
58,62,63,bar,Bottom chord,2.1e+11,0.005,2.75e+08,7850
59,63,64,bar,Bottom chord,2.1e+11,0.005,2.75e+08,7850
60,64,65,bar,Bottom chord,2.1e+11,0.005,2.75e+08,7850
61,65,66,bar,Bottom chord,2.1e+11,0.005,2.75e+08,7850
62,66,67,bar,Bottom chord,2.1e+11,0.005,2.75e+08,7850
63,67,68,bar,Bottom chord,2.1e+11,0.005,2.75e+08,7850
64,68,69,bar,Bottom chord,2.1e+11,0.005,2.75e+08,7850
65,69,70,bar,Bottom chord,2.1e+11,0.005,2.75e+08,7850
66,71,72,bar,Bottom chord,2.1e+11,0.005,2.75e+08,7850
67,72,73,bar,Bottom chord,2.1e+11,0.005,2.75e+08,7850
68,73,74,bar,Bottom chord,2.1e+11,0.005,2.75e+08,7850
69,74,75,bar,Bottom chord,2.1e+11,0.005,2.75e+08,7850
70,75,76,bar,Bottom chord,2.1e+11,0.005,2.75e+08,7850
71,76,77,bar,Bottom chord,2.1e+11,0.005,2.75e+08,7850
72,77,78,bar,Bottom chord,2.1e+11,0.005,2.75e+08,7850
73,78,79,bar,Bottom chord,2.1e+11,0.005,2.75e+08,7850
74,79,80,bar,Bottom chord,2.1e+11,0.005,2.75e+08,7850
75,80,81,bar,Bottom chord,2.1e+11,0.005,2.75e+08,7850
76,81,82,bar,Bottom chord,2.1e+11,0.005,2.75e+08,7850
77,82,83,bar,Bottom chord,2.1e+11,0.005,2.75e+08,7850
78,83,84,bar,Bottom chord,2.1e+11,0.005,2.75e+08,7850
79,1,15,bar,Bottom chord,2.1e+11,0.005,2.75e+08,7850
80,2,16,bar,Bottom chord,2.1e+11,0.005,2.75e+08,7850
81,3,17,bar,Bottom chord,2.1e+11,0.005,2.75e+08,7850
82,4,18,bar,Bottom chord,2.1e+11,0.005,2.75e+08,7850
83,5,19,bar,Bottom chord,2.1e+11,0.005,2.75e+08,7850
84,6,20,bar,Bottom chord,2.1e+11,0.005,2.75e+08,7850
85,7,21,bar,Bottom chord,2.1e+11,0.005,2.75e+08,7850
86,8,22,bar,Bottom chord,2.1e+11,0.005,2.75e+08,7850
87,9,23,bar,Bottom chord,2.1e+11,0.005,2.75e+08,7850
88,10,24,bar,Bottom chord,2.1e+11,0.005,2.75e+08,7850
89,11,25,bar,Bottom chord,2.1e+11,0.005,2.75e+08,7850
90,12,26,bar,Bottom chord,2.1e+11,0.005,2.75e+08,7850
91,13,27,bar,Bottom chord,2.1e+11,0.005,2.75e+08,7850
92,14,28,bar,Bottom chord,2.1e+11,0.005,2.75e+08,7850
93,15,29,bar,Bottom chord,2.1e+11,0.005,2.75e+08,7850
94,16,30,bar,Bottom chord,2.1e+11,0.005,2.75e+08,7850
95,17,31,bar,Bottom chord,2.1e+11,0.005,2.75e+08,7850
96,18,32,bar,Bottom chord,2.1e+11,0.005,2.75e+08,7850
97,19,33,bar,Bottom chord,2.1e+11,0.005,2.75e+08,7850
98,20,34,bar,Bottom chord,2.1e+11,0.005,2.75e+08,7850
99,21,35,bar,Bottom chord,2.1e+11,0.005,2.75e+08,7850
100,22,36,bar,Bottom chord,2.1e+11,0.005,2.75e+08,7850
101,23,37,bar,Bottom chord,2.1e+11,0.005,2.75e+08,7850
102,24,38,bar,Bottom chord,2.1e+11,0.005,2.75e+08,7850
103,25,39,bar,Bottom chord,2.1e+11,0.005,2.75e+08,7850
104,26,40,bar,Bottom chord,2.1e+11,0.005,2.75e+08,7850
105,27,41,bar,Bottom chord,2.1e+11,0.005,2.75e+08,7850
106,28,42,bar,Bottom chord,2.1e+11,0.005,2.75e+08,7850
107,29,43,bar,Bottom chord,2.1e+11,0.005,2.75e+08,7850
108,30,44,bar,Bottom chord,2.1e+11,0.005,2.75e+08,7850
109,31,45,bar,Bottom chord,2.1e+11,0.005,2.75e+08,7850
110,32,46,bar,Bottom chord,2.1e+11,0.005,2.75e+08,7850
111,33,47,bar,Bottom chord,2.1e+11,0.005,2.75e+08,7850
112,34,48,bar,Bottom chord,2.1e+11,0.005,2.75e+08,7850
113,35,49,bar,Bottom chord,2.1e+11,0.005,2.75e+08,7850
114,36,50,bar,Bottom chord,2.1e+11,0.005,2.75e+08,7850
115,37,51,bar,Bottom chord,2.1e+11,0.005,2.75e+08,7850
116,38,52,bar,Bottom chord,2.1e+11,0.005,2.75e+08,7850
117,39,53,bar,Bottom chord,2.1e+11,0.005,2.75e+08,7850
118,40,54,bar,Bottom chord,2.1e+11,0.005,2.75e+08,7850
119,41,55,bar,Bottom chord,2.1e+11,0.005,2.75e+08,7850
120,42,56,bar,Bottom chord,2.1e+11,0.005,2.75e+08,7850
121,43,57,bar,Bottom chord,2.1e+11,0.005,2.75e+08,7850
122,44,58,bar,Bottom chord,2.1e+11,0.005,2.75e+08,7850
123,45,59,bar,Bottom chord,2.1e+11,0.005,2.75e+08,7850
124,46,60,bar,Bottom chord,2.1e+11,0.005,2.75e+08,7850
125,47,61,bar,Bottom chord,2.1e+11,0.005,2.75e+08,7850
126,48,62,bar,Bottom chord,2.1e+11,0.005,2.75e+08,7850
127,49,63,bar,Bottom chord,2.1e+11,0.005,2.75e+08,7850
128,50,64,bar,Bottom chord,2.1e+11,0.005,2.75e+08,7850
129,51,65,bar,Bottom chord,2.1e+11,0.005,2.75e+08,7850
130,52,66,bar,Bottom chord,2.1e+11,0.005,2.75e+08,7850
131,53,67,bar,Bottom chord,2.1e+11,0.005,2.75e+08,7850
132,54,68,bar,Bottom chord,2.1e+11,0.005,2.75e+08,7850
133,55,69,bar,Bottom chord,2.1e+11,0.005,2.75e+08,7850
134,56,70,bar,Bottom chord,2.1e+11,0.005,2.75e+08,7850
135,57,71,bar,Bottom chord,2.1e+11,0.005,2.75e+08,7850
136,58,72,bar,Bottom chord,2.1e+11,0.005,2.75e+08,7850
137,59,73,bar,Bottom chord,2.1e+11,0.005,2.75e+08,7850
138,60,74,bar,Bottom chord,2.1e+11,0.005,2.75e+08,7850
139,61,75,bar,Bottom chord,2.1e+11,0.005,2.75e+08,7850
140,62,76,bar,Bottom chord,2.1e+11,0.005,2.75e+08,7850
141,63,77,bar,Bottom chord,2.1e+11,0.005,2.75e+08,7850
142,64,78,bar,Bottom chord,2.1e+11,0.005,2.75e+08,7850
143,65,79,bar,Bottom chord,2.1e+11,0.005,2.75e+08,7850
144,66,80,bar,Bottom chord,2.1e+11,0.005,2.75e+08,7850
145,67,81,bar,Bottom chord,2.1e+11,0.005,2.75e+08,7850
146,68,82,bar,Bottom chord,2.1e+11,0.005,2.75e+08,7850
147,69,83,bar,Bottom chord,2.1e+11,0.005,2.75e+08,7850
148,70,84,bar,Bottom chord,2.1e+11,0.005,2.75e+08,7850
149,85,86,bar,Top chord,2.1e+11,0.005,2.75e+08,7850
150,86,87,bar,Top chord,2.1e+11,0.005,2.75e+08,7850
151,87,88,bar,Top chord,2.1e+11,0.005,2.75e+08,7850
152,88,89,bar,Top chord,2.1e+11,0.005,2.75e+08,7850
153,89,90,bar,Top chord,2.1e+11,0.005,2.75e+08,7850
154,90,91,bar,Top chord,2.1e+11,0.005,2.75e+08,7850
155,91,92,bar,Top chord,2.1e+11,0.005,2.75e+08,7850
156,92,93,bar,Top chord,2.1e+11,0.005,2.75e+08,7850
157,93,94,bar,Top chord,2.1e+11,0.005,2.75e+08,7850
158,94,95,bar,Top chord,2.1e+11,0.005,2.75e+08,7850
159,95,96,bar,Top chord,2.1e+11,0.005,2.75e+08,7850
160,96,97,bar,Top chord,2.1e+11,0.005,2.75e+08,7850
161,98,99,bar,Top chord,2.1e+11,0.005,2.75e+08,7850
162,99,100,bar,Top chord,2.1e+11,0.005,2.75e+08,7850
163,100,101,bar,Top chord,2.1e+11,0.005,2.75e+08,7850
164,101,102,bar,Top chord,2.1e+11,0.005,2.75e+08,7850
165,102,103,bar,Top chord,2.1e+11,0.005,2.75e+08,7850
166,103,104,bar,Top chord,2.1e+11,0.005,2.75e+08,7850
167,104,105,bar,Top chord,2.1e+11,0.005,2.75e+08,7850
168,105,106,bar,Top chord,2.1e+11,0.005,2.75e+08,7850
169,106,107,bar,Top chord,2.1e+11,0.005,2.75e+08,7850
170,107,108,bar,Top chord,2.1e+11,0.005,2.75e+08,7850
171,108,109,bar,Top chord,2.1e+11,0.005,2.75e+08,7850
172,109,110,bar,Top chord,2.1e+11,0.005,2.75e+08,7850
173,111,112,bar,Top chord,2.1e+11,0.005,2.75e+08,7850
174,112,113,bar,Top chord,2.1e+11,0.005,2.75e+08,7850
175,113,114,bar,Top chord,2.1e+11,0.005,2.75e+08,7850
176,114,115,bar,Top chord,2.1e+11,0.005,2.75e+08,7850
177,115,116,bar,Top chord,2.1e+11,0.005,2.75e+08,7850
178,116,117,bar,Top chord,2.1e+11,0.005,2.75e+08,7850
179,117,118,bar,Top chord,2.1e+11,0.005,2.75e+08,7850
180,118,119,bar,Top chord,2.1e+11,0.005,2.75e+08,7850
181,119,120,bar,Top chord,2.1e+11,0.005,2.75e+08,7850
182,120,121,bar,Top chord,2.1e+11,0.005,2.75e+08,7850
183,121,122,bar,Top chord,2.1e+11,0.005,2.75e+08,7850
184,122,123,bar,Top chord,2.1e+11,0.005,2.75e+08,7850
185,124,125,bar,Top chord,2.1e+11,0.005,2.75e+08,7850
186,125,126,bar,Top chord,2.1e+11,0.005,2.75e+08,7850
187,126,127,bar,Top chord,2.1e+11,0.005,2.75e+08,7850
188,127,128,bar,Top chord,2.1e+11,0.005,2.75e+08,7850
189,128,129,bar,Top chord,2.1e+11,0.005,2.75e+08,7850
190,129,130,bar,Top chord,2.1e+11,0.005,2.75e+08,7850
191,130,131,bar,Top chord,2.1e+11,0.005,2.75e+08,7850
192,131,132,bar,Top chord,2.1e+11,0.005,2.75e+08,7850
193,132,133,bar,Top chord,2.1e+11,0.005,2.75e+08,7850
194,133,134,bar,Top chord,2.1e+11,0.005,2.75e+08,7850
195,134,135,bar,Top chord,2.1e+11,0.005,2.75e+08,7850
196,135,136,bar,Top chord,2.1e+11,0.005,2.75e+08,7850
197,137,138,bar,Top chord,2.1e+11,0.005,2.75e+08,7850
198,138,139,bar,Top chord,2.1e+11,0.005,2.75e+08,7850
199,139,140,bar,Top chord,2.1e+11,0.005,2.75e+08,7850
200,140,141,bar,Top chord,2.1e+11,0.005,2.75e+08,7850
201,141,142,bar,Top chord,2.1e+11,0.005,2.75e+08,7850
202,142,143,bar,Top chord,2.1e+11,0.005,2.75e+08,7850
203,143,144,bar,Top chord,2.1e+11,0.005,2.75e+08,7850
204,144,145,bar,Top chord,2.1e+11,0.005,2.75e+08,7850
205,145,146,bar,Top chord,2.1e+11,0.005,2.75e+08,7850
206,146,147,bar,Top chord,2.1e+11,0.005,2.75e+08,7850
207,147,148,bar,Top chord,2.1e+11,0.005,2.75e+08,7850
208,148,149,bar,Top chord,2.1e+11,0.005,2.75e+08,7850
209,85,98,bar,Top chord,2.1e+11,0.005,2.75e+08,7850
210,86,99,bar,Top chord,2.1e+11,0.005,2.75e+08,7850
211,87,100,bar,Top chord,2.1e+11,0.005,2.75e+08,7850
212,88,101,bar,Top chord,2.1e+11,0.005,2.75e+08,7850
213,89,102,bar,Top chord,2.1e+11,0.005,2.75e+08,7850
214,90,103,bar,Top chord,2.1e+11,0.005,2.75e+08,7850
215,91,104,bar,Top chord,2.1e+11,0.005,2.75e+08,7850
216,92,105,bar,Top chord,2.1e+11,0.005,2.75e+08,7850
217,93,106,bar,Top chord,2.1e+11,0.005,2.75e+08,7850
218,94,107,bar,Top chord,2.1e+11,0.005,2.75e+08,7850
219,95,108,bar,Top chord,2.1e+11,0.005,2.75e+08,7850
220,96,109,bar,Top chord,2.1e+11,0.005,2.75e+08,7850
221,97,110,bar,Top chord,2.1e+11,0.005,2.75e+08,7850
222,98,111,bar,Top chord,2.1e+11,0.005,2.75e+08,7850
223,99,112,bar,Top chord,2.1e+11,0.005,2.75e+08,7850
224,100,113,bar,Top chord,2.1e+11,0.005,2.75e+08,7850
225,101,114,bar,Top chord,2.1e+11,0.005,2.75e+08,7850
226,102,115,bar,Top chord,2.1e+11,0.005,2.75e+08,7850
227,103,116,bar,Top chord,2.1e+11,0.005,2.75e+08,7850
228,104,117,bar,Top chord,2.1e+11,0.005,2.75e+08,7850
229,105,118,bar,Top chord,2.1e+11,0.005,2.75e+08,7850
230,106,119,bar,Top chord,2.1e+11,0.005,2.75e+08,7850
231,107,120,bar,Top chord,2.1e+11,0.005,2.75e+08,7850
232,108,121,bar,Top chord,2.1e+11,0.005,2.75e+08,7850
233,109,122,bar,Top chord,2.1e+11,0.005,2.75e+08,7850
234,110,123,bar,Top chord,2.1e+11,0.005,2.75e+08,7850
235,111,124,bar,Top chord,2.1e+11,0.005,2.75e+08,7850
236,112,125,bar,Top chord,2.1e+11,0.005,2.75e+08,7850
237,113,126,bar,Top chord,2.1e+11,0.005,2.75e+08,7850
238,114,127,bar,Top chord,2.1e+11,0.005,2.75e+08,7850
239,115,128,bar,Top chord,2.1e+11,0.005,2.75e+08,7850
240,116,129,bar,Top chord,2.1e+11,0.005,2.75e+08,7850
241,117,130,bar,Top chord,2.1e+11,0.005,2.75e+08,7850
242,118,131,bar,Top chord,2.1e+11,0.005,2.75e+08,7850
243,119,132,bar,Top chord,2.1e+11,0.005,2.75e+08,7850
244,120,133,bar,Top chord,2.1e+11,0.005,2.75e+08,7850
245,121,134,bar,Top chord,2.1e+11,0.005,2.75e+08,7850
246,122,135,bar,Top chord,2.1e+11,0.005,2.75e+08,7850
247,123,136,bar,Top chord,2.1e+11,0.005,2.75e+08,7850
248,124,137,bar,Top chord,2.1e+11,0.005,2.75e+08,7850
249,125,138,bar,Top chord,2.1e+11,0.005,2.75e+08,7850
250,126,139,bar,Top chord,2.1e+11,0.005,2.75e+08,7850
251,127,140,bar,Top chord,2.1e+11,0.005,2.75e+08,7850
252,128,141,bar,Top chord,2.1e+11,0.005,2.75e+08,7850
253,129,142,bar,Top chord,2.1e+11,0.005,2.75e+08,7850
254,130,143,bar,Top chord,2.1e+11,0.005,2.75e+08,7850
255,131,144,bar,Top chord,2.1e+11,0.005,2.75e+08,7850
256,132,145,bar,Top chord,2.1e+11,0.005,2.75e+08,7850
257,133,146,bar,Top chord,2.1e+11,0.005,2.75e+08,7850
258,134,147,bar,Top chord,2.1e+11,0.005,2.75e+08,7850
259,135,148,bar,Top chord,2.1e+11,0.005,2.75e+08,7850
260,136,149,bar,Top chord,2.1e+11,0.005,2.75e+08,7850
261,85,1,bar,Web,2.1e+11,0.003,2.75e+08,7850
262,85,15,bar,Web,2.1e+11,0.003,2.75e+08,7850
263,85,2,bar,Web,2.1e+11,0.003,2.75e+08,7850
264,85,16,bar,Web,2.1e+11,0.003,2.75e+08,7850
265,86,2,bar,Web,2.1e+11,0.003,2.75e+08,7850
266,86,16,bar,Web,2.1e+11,0.003,2.75e+08,7850
267,86,3,bar,Web,2.1e+11,0.003,2.75e+08,7850
268,86,17,bar,Web,2.1e+11,0.003,2.75e+08,7850
269,87,3,bar,Web,2.1e+11,0.003,2.75e+08,7850
270,87,17,bar,Web,2.1e+11,0.003,2.75e+08,7850
271,87,4,bar,Web,2.1e+11,0.003,2.75e+08,7850
272,87,18,bar,Web,2.1e+11,0.003,2.75e+08,7850
273,88,4,bar,Web,2.1e+11,0.003,2.75e+08,7850
274,88,18,bar,Web,2.1e+11,0.003,2.75e+08,7850
275,88,5,bar,Web,2.1e+11,0.003,2.75e+08,7850
276,88,19,bar,Web,2.1e+11,0.003,2.75e+08,7850
277,89,5,bar,Web,2.1e+11,0.003,2.75e+08,7850
278,89,19,bar,Web,2.1e+11,0.003,2.75e+08,7850
279,89,6,bar,Web,2.1e+11,0.003,2.75e+08,7850
280,89,20,bar,Web,2.1e+11,0.003,2.75e+08,7850
281,90,6,bar,Web,2.1e+11,0.003,2.75e+08,7850
282,90,20,bar,Web,2.1e+11,0.003,2.75e+08,7850
283,90,7,bar,Web,2.1e+11,0.003,2.75e+08,7850
284,90,21,bar,Web,2.1e+11,0.003,2.75e+08,7850
285,91,7,bar,Web,2.1e+11,0.003,2.75e+08,7850
286,91,21,bar,Web,2.1e+11,0.003,2.75e+08,7850
287,91,8,bar,Web,2.1e+11,0.003,2.75e+08,7850
288,91,22,bar,Web,2.1e+11,0.003,2.75e+08,7850
289,92,8,bar,Web,2.1e+11,0.003,2.75e+08,7850
290,92,22,bar,Web,2.1e+11,0.003,2.75e+08,7850
291,92,9,bar,Web,2.1e+11,0.003,2.75e+08,7850
292,92,23,bar,Web,2.1e+11,0.003,2.75e+08,7850
293,93,9,bar,Web,2.1e+11,0.003,2.75e+08,7850
294,93,23,bar,Web,2.1e+11,0.003,2.75e+08,7850
295,93,10,bar,Web,2.1e+11,0.003,2.75e+08,7850
296,93,24,bar,Web,2.1e+11,0.003,2.75e+08,7850
297,94,10,bar,Web,2.1e+11,0.003,2.75e+08,7850
298,94,24,bar,Web,2.1e+11,0.003,2.75e+08,7850
299,94,11,bar,Web,2.1e+11,0.003,2.75e+08,7850
300,94,25,bar,Web,2.1e+11,0.003,2.75e+08,7850
301,95,11,bar,Web,2.1e+11,0.003,2.75e+08,7850
302,95,25,bar,Web,2.1e+11,0.003,2.75e+08,7850
303,95,12,bar,Web,2.1e+11,0.003,2.75e+08,7850
304,95,26,bar,Web,2.1e+11,0.003,2.75e+08,7850
305,96,12,bar,Web,2.1e+11,0.003,2.75e+08,7850
306,96,26,bar,Web,2.1e+11,0.003,2.75e+08,7850
307,96,13,bar,Web,2.1e+11,0.003,2.75e+08,7850
308,96,27,bar,Web,2.1e+11,0.003,2.75e+08,7850
309,97,13,bar,Web,2.1e+11,0.003,2.75e+08,7850
310,97,27,bar,Web,2.1e+11,0.003,2.75e+08,7850
311,97,14,bar,Web,2.1e+11,0.003,2.75e+08,7850
312,97,28,bar,Web,2.1e+11,0.003,2.75e+08,7850
313,98,15,bar,Web,2.1e+11,0.003,2.75e+08,7850
314,98,29,bar,Web,2.1e+11,0.003,2.75e+08,7850
315,98,16,bar,Web,2.1e+11,0.003,2.75e+08,7850
316,98,30,bar,Web,2.1e+11,0.003,2.75e+08,7850
317,99,16,bar,Web,2.1e+11,0.003,2.75e+08,7850
318,99,30,bar,Web,2.1e+11,0.003,2.75e+08,7850
319,99,17,bar,Web,2.1e+11,0.003,2.75e+08,7850
320,99,31,bar,Web,2.1e+11,0.003,2.75e+08,7850
321,100,17,bar,Web,2.1e+11,0.003,2.75e+08,7850
322,100,31,bar,Web,2.1e+11,0.003,2.75e+08,7850
323,100,18,bar,Web,2.1e+11,0.003,2.75e+08,7850
324,100,32,bar,Web,2.1e+11,0.003,2.75e+08,7850
325,101,18,bar,Web,2.1e+11,0.003,2.75e+08,7850
326,101,32,bar,Web,2.1e+11,0.003,2.75e+08,7850
327,101,19,bar,Web,2.1e+11,0.003,2.75e+08,7850
328,101,33,bar,Web,2.1e+11,0.003,2.75e+08,7850
329,102,19,bar,Web,2.1e+11,0.003,2.75e+08,7850
330,102,33,bar,Web,2.1e+11,0.003,2.75e+08,7850
331,102,20,bar,Web,2.1e+11,0.003,2.75e+08,7850
332,102,34,bar,Web,2.1e+11,0.003,2.75e+08,7850
333,103,20,bar,Web,2.1e+11,0.003,2.75e+08,7850
334,103,34,bar,Web,2.1e+11,0.003,2.75e+08,7850
335,103,21,bar,Web,2.1e+11,0.003,2.75e+08,7850
336,103,35,bar,Web,2.1e+11,0.003,2.75e+08,7850
337,104,21,bar,Web,2.1e+11,0.003,2.75e+08,7850
338,104,35,bar,Web,2.1e+11,0.003,2.75e+08,7850
339,104,22,bar,Web,2.1e+11,0.003,2.75e+08,7850
340,104,36,bar,Web,2.1e+11,0.003,2.75e+08,7850
341,105,22,bar,Web,2.1e+11,0.003,2.75e+08,7850
342,105,36,bar,Web,2.1e+11,0.003,2.75e+08,7850
343,105,23,bar,Web,2.1e+11,0.003,2.75e+08,7850
344,105,37,bar,Web,2.1e+11,0.003,2.75e+08,7850
345,106,23,bar,Web,2.1e+11,0.003,2.75e+08,7850
346,106,37,bar,Web,2.1e+11,0.003,2.75e+08,7850
347,106,24,bar,Web,2.1e+11,0.003,2.75e+08,7850
348,106,38,bar,Web,2.1e+11,0.003,2.75e+08,7850
349,107,24,bar,Web,2.1e+11,0.003,2.75e+08,7850
350,107,38,bar,Web,2.1e+11,0.003,2.75e+08,7850
351,107,25,bar,Web,2.1e+11,0.003,2.75e+08,7850
352,107,39,bar,Web,2.1e+11,0.003,2.75e+08,7850
353,108,25,bar,Web,2.1e+11,0.003,2.75e+08,7850
354,108,39,bar,Web,2.1e+11,0.003,2.75e+08,7850
355,108,26,bar,Web,2.1e+11,0.003,2.75e+08,7850
356,108,40,bar,Web,2.1e+11,0.003,2.75e+08,7850
357,109,26,bar,Web,2.1e+11,0.003,2.75e+08,7850
358,109,40,bar,Web,2.1e+11,0.003,2.75e+08,7850
359,109,27,bar,Web,2.1e+11,0.003,2.75e+08,7850
360,109,41,bar,Web,2.1e+11,0.003,2.75e+08,7850
361,110,27,bar,Web,2.1e+11,0.003,2.75e+08,7850
362,110,41,bar,Web,2.1e+11,0.003,2.75e+08,7850
363,110,28,bar,Web,2.1e+11,0.003,2.75e+08,7850
364,110,42,bar,Web,2.1e+11,0.003,2.75e+08,7850
365,111,29,bar,Web,2.1e+11,0.003,2.75e+08,7850
366,111,43,bar,Web,2.1e+11,0.003,2.75e+08,7850
367,111,30,bar,Web,2.1e+11,0.003,2.75e+08,7850
368,111,44,bar,Web,2.1e+11,0.003,2.75e+08,7850
369,112,30,bar,Web,2.1e+11,0.003,2.75e+08,7850
370,112,44,bar,Web,2.1e+11,0.003,2.75e+08,7850
371,112,31,bar,Web,2.1e+11,0.003,2.75e+08,7850
372,112,45,bar,Web,2.1e+11,0.003,2.75e+08,7850
373,113,31,bar,Web,2.1e+11,0.003,2.75e+08,7850
374,113,45,bar,Web,2.1e+11,0.003,2.75e+08,7850
375,113,32,bar,Web,2.1e+11,0.003,2.75e+08,7850
376,113,46,bar,Web,2.1e+11,0.003,2.75e+08,7850
377,114,32,bar,Web,2.1e+11,0.003,2.75e+08,7850
378,114,46,bar,Web,2.1e+11,0.003,2.75e+08,7850
379,114,33,bar,Web,2.1e+11,0.003,2.75e+08,7850
380,114,47,bar,Web,2.1e+11,0.003,2.75e+08,7850
381,115,33,bar,Web,2.1e+11,0.003,2.75e+08,7850
382,115,47,bar,Web,2.1e+11,0.003,2.75e+08,7850
383,115,34,bar,Web,2.1e+11,0.003,2.75e+08,7850
384,115,48,bar,Web,2.1e+11,0.003,2.75e+08,7850
385,116,34,bar,Web,2.1e+11,0.003,2.75e+08,7850
386,116,48,bar,Web,2.1e+11,0.003,2.75e+08,7850
387,116,35,bar,Web,2.1e+11,0.003,2.75e+08,7850
388,116,49,bar,Web,2.1e+11,0.003,2.75e+08,7850
389,117,35,bar,Web,2.1e+11,0.003,2.75e+08,7850
390,117,49,bar,Web,2.1e+11,0.003,2.75e+08,7850
391,117,36,bar,Web,2.1e+11,0.003,2.75e+08,7850
392,117,50,bar,Web,2.1e+11,0.003,2.75e+08,7850
393,118,36,bar,Web,2.1e+11,0.003,2.75e+08,7850
394,118,50,bar,Web,2.1e+11,0.003,2.75e+08,7850
395,118,37,bar,Web,2.1e+11,0.003,2.75e+08,7850
396,118,51,bar,Web,2.1e+11,0.003,2.75e+08,7850
397,119,37,bar,Web,2.1e+11,0.003,2.75e+08,7850
398,119,51,bar,Web,2.1e+11,0.003,2.75e+08,7850
399,119,38,bar,Web,2.1e+11,0.003,2.75e+08,7850
400,119,52,bar,Web,2.1e+11,0.003,2.75e+08,7850
401,120,38,bar,Web,2.1e+11,0.003,2.75e+08,7850
402,120,52,bar,Web,2.1e+11,0.003,2.75e+08,7850
403,120,39,bar,Web,2.1e+11,0.003,2.75e+08,7850
404,120,53,bar,Web,2.1e+11,0.003,2.75e+08,7850
405,121,39,bar,Web,2.1e+11,0.003,2.75e+08,7850
406,121,53,bar,Web,2.1e+11,0.003,2.75e+08,7850
407,121,40,bar,Web,2.1e+11,0.003,2.75e+08,7850
408,121,54,bar,Web,2.1e+11,0.003,2.75e+08,7850
409,122,40,bar,Web,2.1e+11,0.003,2.75e+08,7850
410,122,54,bar,Web,2.1e+11,0.003,2.75e+08,7850
411,122,41,bar,Web,2.1e+11,0.003,2.75e+08,7850
412,122,55,bar,Web,2.1e+11,0.003,2.75e+08,7850
413,123,41,bar,Web,2.1e+11,0.003,2.75e+08,7850
414,123,55,bar,Web,2.1e+11,0.003,2.75e+08,7850
415,123,42,bar,Web,2.1e+11,0.003,2.75e+08,7850
416,123,56,bar,Web,2.1e+11,0.003,2.75e+08,7850
417,124,43,bar,Web,2.1e+11,0.003,2.75e+08,7850
418,124,57,bar,Web,2.1e+11,0.003,2.75e+08,7850
419,124,44,bar,Web,2.1e+11,0.003,2.75e+08,7850
420,124,58,bar,Web,2.1e+11,0.003,2.75e+08,7850
421,125,44,bar,Web,2.1e+11,0.003,2.75e+08,7850
422,125,58,bar,Web,2.1e+11,0.003,2.75e+08,7850
423,125,45,bar,Web,2.1e+11,0.003,2.75e+08,7850
424,125,59,bar,Web,2.1e+11,0.003,2.75e+08,7850
425,126,45,bar,Web,2.1e+11,0.003,2.75e+08,7850
426,126,59,bar,Web,2.1e+11,0.003,2.75e+08,7850
427,126,46,bar,Web,2.1e+11,0.003,2.75e+08,7850
428,126,60,bar,Web,2.1e+11,0.003,2.75e+08,7850
429,127,46,bar,Web,2.1e+11,0.003,2.75e+08,7850
430,127,60,bar,Web,2.1e+11,0.003,2.75e+08,7850
431,127,47,bar,Web,2.1e+11,0.003,2.75e+08,7850
432,127,61,bar,Web,2.1e+11,0.003,2.75e+08,7850
433,128,47,bar,Web,2.1e+11,0.003,2.75e+08,7850
434,128,61,bar,Web,2.1e+11,0.003,2.75e+08,7850
435,128,48,bar,Web,2.1e+11,0.003,2.75e+08,7850
436,128,62,bar,Web,2.1e+11,0.003,2.75e+08,7850
437,129,48,bar,Web,2.1e+11,0.003,2.75e+08,7850
438,129,62,bar,Web,2.1e+11,0.003,2.75e+08,7850
439,129,49,bar,Web,2.1e+11,0.003,2.75e+08,7850
440,129,63,bar,Web,2.1e+11,0.003,2.75e+08,7850
441,130,49,bar,Web,2.1e+11,0.003,2.75e+08,7850
442,130,63,bar,Web,2.1e+11,0.003,2.75e+08,7850
443,130,50,bar,Web,2.1e+11,0.003,2.75e+08,7850
444,130,64,bar,Web,2.1e+11,0.003,2.75e+08,7850
445,131,50,bar,Web,2.1e+11,0.003,2.75e+08,7850
446,131,64,bar,Web,2.1e+11,0.003,2.75e+08,7850
447,131,51,bar,Web,2.1e+11,0.003,2.75e+08,7850
448,131,65,bar,Web,2.1e+11,0.003,2.75e+08,7850
449,132,51,bar,Web,2.1e+11,0.003,2.75e+08,7850
450,132,65,bar,Web,2.1e+11,0.003,2.75e+08,7850
451,132,52,bar,Web,2.1e+11,0.003,2.75e+08,7850
452,132,66,bar,Web,2.1e+11,0.003,2.75e+08,7850
453,133,52,bar,Web,2.1e+11,0.003,2.75e+08,7850
454,133,66,bar,Web,2.1e+11,0.003,2.75e+08,7850
455,133,53,bar,Web,2.1e+11,0.003,2.75e+08,7850
456,133,67,bar,Web,2.1e+11,0.003,2.75e+08,7850
457,134,53,bar,Web,2.1e+11,0.003,2.75e+08,7850
458,134,67,bar,Web,2.1e+11,0.003,2.75e+08,7850
459,134,54,bar,Web,2.1e+11,0.003,2.75e+08,7850
460,134,68,bar,Web,2.1e+11,0.003,2.75e+08,7850
461,135,54,bar,Web,2.1e+11,0.003,2.75e+08,7850
462,135,68,bar,Web,2.1e+11,0.003,2.75e+08,7850
463,135,55,bar,Web,2.1e+11,0.003,2.75e+08,7850
464,135,69,bar,Web,2.1e+11,0.003,2.75e+08,7850
465,136,55,bar,Web,2.1e+11,0.003,2.75e+08,7850
466,136,69,bar,Web,2.1e+11,0.003,2.75e+08,7850
467,136,56,bar,Web,2.1e+11,0.003,2.75e+08,7850
468,136,70,bar,Web,2.1e+11,0.003,2.75e+08,7850
469,137,57,bar,Web,2.1e+11,0.003,2.75e+08,7850
470,137,71,bar,Web,2.1e+11,0.003,2.75e+08,7850
471,137,58,bar,Web,2.1e+11,0.003,2.75e+08,7850
472,137,72,bar,Web,2.1e+11,0.003,2.75e+08,7850
473,138,58,bar,Web,2.1e+11,0.003,2.75e+08,7850
474,138,72,bar,Web,2.1e+11,0.003,2.75e+08,7850
475,138,59,bar,Web,2.1e+11,0.003,2.75e+08,7850
476,138,73,bar,Web,2.1e+11,0.003,2.75e+08,7850
477,139,59,bar,Web,2.1e+11,0.003,2.75e+08,7850
478,139,73,bar,Web,2.1e+11,0.003,2.75e+08,7850
479,139,60,bar,Web,2.1e+11,0.003,2.75e+08,7850
480,139,74,bar,Web,2.1e+11,0.003,2.75e+08,7850
481,140,60,bar,Web,2.1e+11,0.003,2.75e+08,7850
482,140,74,bar,Web,2.1e+11,0.003,2.75e+08,7850
483,140,61,bar,Web,2.1e+11,0.003,2.75e+08,7850
484,140,75,bar,Web,2.1e+11,0.003,2.75e+08,7850
485,141,61,bar,Web,2.1e+11,0.003,2.75e+08,7850
486,141,75,bar,Web,2.1e+11,0.003,2.75e+08,7850
487,141,62,bar,Web,2.1e+11,0.003,2.75e+08,7850
488,141,76,bar,Web,2.1e+11,0.003,2.75e+08,7850
489,142,62,bar,Web,2.1e+11,0.003,2.75e+08,7850
490,142,76,bar,Web,2.1e+11,0.003,2.75e+08,7850
491,142,63,bar,Web,2.1e+11,0.003,2.75e+08,7850
492,142,77,bar,Web,2.1e+11,0.003,2.75e+08,7850
493,143,63,bar,Web,2.1e+11,0.003,2.75e+08,7850
494,143,77,bar,Web,2.1e+11,0.003,2.75e+08,7850
495,143,64,bar,Web,2.1e+11,0.003,2.75e+08,7850
496,143,78,bar,Web,2.1e+11,0.003,2.75e+08,7850
497,144,64,bar,Web,2.1e+11,0.003,2.75e+08,7850
498,144,78,bar,Web,2.1e+11,0.003,2.75e+08,7850
499,144,65,bar,Web,2.1e+11,0.003,2.75e+08,7850
500,144,79,bar,Web,2.1e+11,0.003,2.75e+08,7850
501,145,65,bar,Web,2.1e+11,0.003,2.75e+08,7850
502,145,79,bar,Web,2.1e+11,0.003,2.75e+08,7850
503,145,66,bar,Web,2.1e+11,0.003,2.75e+08,7850
504,145,80,bar,Web,2.1e+11,0.003,2.75e+08,7850
505,146,66,bar,Web,2.1e+11,0.003,2.75e+08,7850
506,146,80,bar,Web,2.1e+11,0.003,2.75e+08,7850
507,146,67,bar,Web,2.1e+11,0.003,2.75e+08,7850
508,146,81,bar,Web,2.1e+11,0.003,2.75e+08,7850
509,147,67,bar,Web,2.1e+11,0.003,2.75e+08,7850
510,147,81,bar,Web,2.1e+11,0.003,2.75e+08,7850
511,147,68,bar,Web,2.1e+11,0.003,2.75e+08,7850
512,147,82,bar,Web,2.1e+11,0.003,2.75e+08,7850
513,148,68,bar,Web,2.1e+11,0.003,2.75e+08,7850
514,148,82,bar,Web,2.1e+11,0.003,2.75e+08,7850
515,148,69,bar,Web,2.1e+11,0.003,2.75e+08,7850
516,148,83,bar,Web,2.1e+11,0.003,2.75e+08,7850
517,149,69,bar,Web,2.1e+11,0.003,2.75e+08,7850
518,149,83,bar,Web,2.1e+11,0.003,2.75e+08,7850
519,149,70,bar,Web,2.1e+11,0.003,2.75e+08,7850
520,149,84,bar,Web,2.1e+11,0.003,2.75e+08,7850
521,150,16,bar,Leg,2.1e+11,0.008,2.75e+08,7850
522,150,17,bar,Leg,2.1e+11,0.008,2.75e+08,7850
523,150,30,bar,Leg,2.1e+11,0.008,2.75e+08,7850
524,151,58,bar,Leg,2.1e+11,0.008,2.75e+08,7850
525,151,59,bar,Leg,2.1e+11,0.008,2.75e+08,7850
526,151,44,bar,Leg,2.1e+11,0.008,2.75e+08,7850
527,152,27,bar,Leg,2.1e+11,0.008,2.75e+08,7850
528,152,26,bar,Leg,2.1e+11,0.008,2.75e+08,7850
529,152,41,bar,Leg,2.1e+11,0.008,2.75e+08,7850
530,153,69,bar,Leg,2.1e+11,0.008,2.75e+08,7850
531,153,68,bar,Leg,2.1e+11,0.008,2.75e+08,7850
532,153,55,bar,Leg,2.1e+11,0.008,2.75e+08,7850
#SUPPORTS
node,rx,ry,rz
150,1,1,1
151,1,1,1
152,1,1,1
153,1,1,1
#FORCES
node,Fx,Fy,Fz
85,0,0,-20000
86,0,0,-20000
87,0,0,-20000
88,0,0,-20000
89,0,0,-20000
90,0,0,-20000
91,0,0,-20000
92,0,0,-20000
93,0,0,-20000
94,0,0,-20000
95,0,0,-20000
96,0,0,-20000
97,0,0,-20000
98,0,0,-20000
99,0,0,-20000
100,0,0,-20000
101,0,0,-20000
102,0,0,-20000
103,0,0,-20000
104,0,0,-20000
105,0,0,-20000
106,0,0,-20000
107,0,0,-20000
108,0,0,-20000
109,0,0,-20000
110,0,0,-20000
111,0,0,-20000
112,0,0,-20000
113,0,0,-20000
114,0,0,-20000
115,0,0,-20000
116,0,0,-20000
117,0,0,-20000
118,0,0,-20000
119,0,0,-20000
120,0,0,-20000
121,0,0,-20000
122,0,0,-20000
123,0,0,-20000
124,0,0,-20000
125,0,0,-20000
126,0,0,-20000
127,0,0,-20000
128,0,0,-20000
129,0,0,-20000
130,0,0,-20000
131,0,0,-20000
132,0,0,-20000
133,0,0,-20000
134,0,0,-20000
135,0,0,-20000
136,0,0,-20000
137,0,0,-20000
138,0,0,-20000
139,0,0,-20000
140,0,0,-20000
141,0,0,-20000
142,0,0,-20000
143,0,0,-20000
144,0,0,-20000
145,0,0,-20000
146,0,0,-20000
147,0,0,-20000
148,0,0,-20000
149,0,0,-20000
